,,,,,,,,,,,,,,,,,,,,,,,,,,,,,,,,,,,,,,,,,,,,,,,,,,,,,,,,,,,,,,,,,,,,,,,,,,,,,,,,,,,
,,"Ingreso laboral promedio en la población ocupada1, según sexo y entidad federativa 
Primer trimestre de 2005 al cuarto trimestre de 2024",,,,,,,,,,,,,,,,,,,,,,,,,,,,,,,,,,,,,,,,,,,,,,,,,,,,,,,,,,,,,,,,,,,,,,,,,,,,,,,,,
,,Entidad federativa,Sexo,2005,,,,2006,,,,2007,,,,2008,,,,2009,,,,2010,,,,2011,,,,2012,,,,2013,,,,2014,,,,2015,,,,2016,,,,2017,,,,2018,,,,2019,,,,2020,,,,2021,,,,2022,,,,2023,,,,2024,,,
,,,,I,II,III,IV,I,II,III,IV,I,II,III,IV,I,II,III,IV,I,II,III,IV,I,II,III,IV,I,II,III,IV,I,II,III,IV,I,II,III,IV,I,II,III,IV,I,II,III,IV,I,II,III,IV,I,II,III,IV,I,II,III,IV,I,II,III,IV,I,ll*,III,IV,I,II,III,IV,I,II,III,IV,I,II,III,IV**,I,II,III,IV
,INacional,Nacional,Hombres," $7,421.18 "," $7,410.56 "," $7,318.11 "," $7,540.13 "," $7,572.22 "," $7,654.53 "," $7,734.31 "," $7,593.16 "," $7,673.48 "," $7,812.78 "," $7,664.61 "," $7,506.99 "," $7,691.19 "," $7,576.58 "," $7,419.35 "," $7,133.33 "," $7,218.32 "," $7,148.18 "," $6,881.76 "," $6,666.51 "," $6,898.79 "," $6,825.31 "," $6,770.16 "," $6,653.13 "," $6,796.45 "," $6,768.12 "," $6,711.04 "," $6,510.59 "," $6,692.09 "," $6,677.22 "," $6,576.14 "," $6,576.84 "," $6,743.60 "," $6,516.52 "," $6,429.98 "," $6,427.70 "," $6,392.82 "," $6,282.68 "," $6,236.81 "," $6,148.14 "," $6,327.47 "," $6,359.37 "," $6,431.23 "," $6,385.54 "," $6,520.58 "," $6,537.02 "," $6,628.60 "," $6,554.14 "," $6,592.06 "," $6,543.55 "," $6,471.32 "," $6,392.86 "," $6,621.87 "," $6,640.88 "," $6,533.68 "," $6,481.87 "," $6,734.27 "," $6,712.09 "," $6,665.16 "," $6,736.55 "," $7,117.17 ",ND," $6,625.27 "," $6,801.05 "," $6,998.67 "," $6,951.83 "," $6,916.17 "," $6,835.84 "," $7,169.93 "," $7,124.25 "," $6,893.67 "," $7,067.65 "," $7,480.62 "," $7,528.17 "," $7,583.29 "," $7,598.45 "," $8,029.47 "," $8,137.81 "," $8,067.53 "," $8,025.83 "
,IINacional,,Mujeres," $5,353.32 "," $5,356.61 "," $5,423.90 "," $5,587.89 "," $5,631.87 "," $5,672.52 "," $5,698.60 "," $5,565.39 "," $5,661.02 "," $5,697.51 "," $5,742.51 "," $5,477.63 "," $5,592.41 "," $5,590.82 "," $5,545.05 "," $5,348.79 "," $5,463.36 "," $5,462.59 "," $5,285.93 "," $5,076.62 "," $5,169.15 "," $5,202.95 "," $5,242.06 "," $5,200.83 "," $5,272.10 "," $5,219.79 "," $5,183.81 "," $4,970.99 "," $5,184.87 "," $5,134.33 "," $5,058.38 "," $5,105.93 "," $5,206.71 "," $5,132.86 "," $5,142.84 "," $4,966.35 "," $5,010.37 "," $4,980.89 "," $4,963.47 "," $4,829.80 "," $4,967.84 "," $4,965.56 "," $5,075.91 "," $4,921.09 "," $5,068.10 "," $5,130.02 "," $5,120.14 "," $5,108.08 "," $5,171.80 "," $5,150.15 "," $5,129.34 "," $4,983.61 "," $5,208.51 "," $5,242.16 "," $5,149.72 "," $5,071.78 "," $5,207.10 "," $5,227.02 "," $5,189.90 "," $5,204.84 "," $5,531.62 ",ND," $5,601.25 "," $5,535.24 "," $5,746.50 "," $5,560.91 "," $5,581.78 "," $5,447.65 "," $5,763.28 "," $5,655.87 "," $5,578.38 "," $5,522.43 "," $5,860.84 "," $5,935.87 "," $5,971.40 "," $6,013.84 "," $6,296.22 "," $6,450.51 "," $6,433.15 "," $6,431.81 "
,,,,,,,,,,,,,,,,,,,,,,,,,,,,,,,,,,,,,,,,,,,,,,,,,,,,,,,,,,,,,,,,,,,,,,,,,,,,,,,,,,,
,,Aguascalientes,Hombres," $7,956.99 "," $8,049.33 "," $8,228.39 "," $8,162.13 "," $7,811.13 "," $8,516.04 "," $8,477.55 "," $8,013.47 "," $8,144.79 "," $8,275.45 "," $8,262.58 "," $8,080.32 "," $8,735.38 "," $8,301.53 "," $8,261.03 "," $7,947.52 "," $7,768.50 "," $7,798.79 "," $7,304.99 "," $7,314.74 "," $7,631.37 "," $7,234.95 "," $7,095.20 "," $6,986.94 "," $7,323.36 "," $7,132.48 "," $7,158.75 "," $6,554.22 "," $7,233.25 "," $7,075.40 "," $6,954.28 "," $7,310.34 "," $7,123.40 "," $7,014.38 "," $6,584.90 "," $7,038.43 "," $6,933.45 "," $6,992.11 "," $7,017.70 "," $6,515.67 "," $6,730.48 "," $6,736.84 "," $6,969.30 "," $7,148.30 "," $7,301.08 "," $7,475.10 "," $7,281.12 "," $7,260.29 "," $7,342.92 "," $7,124.16 "," $7,088.18 "," $6,917.02 "," $6,846.32 "," $7,282.34 "," $6,981.49 "," $6,690.16 "," $6,991.78 "," $7,086.87 "," $7,749.58 "," $7,422.62 "," $7,955.51 ",ND," $7,737.31 "," $7,977.81 "," $7,627.08 "," $7,440.61 "," $7,912.68 "," $7,648.11 "," $8,323.85 "," $8,379.50 "," $7,562.82 "," $7,660.38 "," $7,975.51 "," $8,083.15 "," $7,762.19 "," $8,059.59 "," $8,701.45 "," $8,436.12 "," $9,396.86 "," $9,371.84 "
,,,Mujeres," $5,738.09 "," $6,014.70 "," $6,458.98 "," $5,927.88 "," $6,015.62 "," $6,232.87 "," $6,182.74 "," $5,525.24 "," $5,833.10 "," $6,159.73 "," $5,838.77 "," $5,962.26 "," $6,214.35 "," $5,967.96 "," $6,106.06 "," $5,834.45 "," $5,979.21 "," $5,868.18 "," $5,782.58 "," $5,360.19 "," $5,648.67 "," $5,210.72 "," $5,492.63 "," $5,445.91 "," $5,442.80 "," $5,559.18 "," $5,652.57 "," $5,067.46 "," $5,581.78 "," $5,403.87 "," $5,417.25 "," $5,494.06 "," $5,438.98 "," $5,563.23 "," $5,091.15 "," $5,096.72 "," $5,076.99 "," $5,241.02 "," $5,194.33 "," $5,110.88 "," $5,102.05 "," $5,367.23 "," $5,442.40 "," $5,335.51 "," $5,296.86 "," $5,447.55 "," $5,222.89 "," $5,401.84 "," $5,543.31 "," $5,325.86 "," $5,143.12 "," $5,254.30 "," $5,540.16 "," $5,426.39 "," $5,164.76 "," $5,281.52 "," $5,533.90 "," $5,427.80 "," $5,792.98 "," $5,609.64 "," $5,955.31 ",ND," $6,327.75 "," $6,184.87 "," $6,200.38 "," $6,083.20 "," $6,006.03 "," $5,777.49 "," $6,380.07 "," $6,031.20 "," $6,058.74 "," $5,916.81 "," $6,384.73 "," $6,027.33 "," $6,232.16 "," $6,326.38 "," $6,884.64 "," $6,364.25 "," $6,998.68 "," $7,033.84 "
,,Baja California,Hombres," $11,121.33 "," $11,554.33 "," $11,719.86 "," $11,799.27 "," $12,144.42 "," $12,533.68 "," $12,188.14 "," $11,789.56 "," $11,546.61 "," $11,985.69 "," $11,620.65 "," $11,280.86 "," $11,675.50 "," $11,013.03 "," $10,855.55 "," $9,902.32 "," $10,107.75 "," $9,776.73 "," $9,468.96 "," $9,130.98 "," $9,627.07 "," $9,517.96 "," $9,487.39 "," $9,134.23 "," $9,639.33 "," $9,321.12 "," $9,111.82 "," $8,920.94 "," $9,022.82 "," $9,081.07 "," $8,533.40 "," $8,909.57 "," $8,771.21 "," $8,550.80 "," $8,679.15 "," $8,448.00 "," $8,399.87 "," $8,122.90 "," $7,954.97 "," $8,039.97 "," $8,072.83 "," $8,132.42 "," $7,935.57 "," $8,139.42 "," $8,079.40 "," $8,226.73 "," $8,863.93 "," $8,325.34 "," $8,294.30 "," $8,280.82 "," $8,104.33 "," $8,226.23 "," $8,419.87 "," $8,884.42 "," $8,063.05 "," $8,138.04 "," $9,315.04 "," $9,174.02 "," $9,422.03 "," $9,053.83 "," $9,221.81 ",ND," $9,145.19 "," $9,222.42 "," $9,702.47 "," $9,498.60 "," $9,697.53 "," $9,531.70 "," $10,653.65 "," $10,513.32 "," $10,406.83 "," $10,520.64 "," $10,930.09 "," $11,024.22 "," $11,466.61 "," $11,150.55 "," $11,695.63 "," $11,659.70 "," $11,975.12 "," $11,345.59 "
,,,Mujeres," $8,681.55 "," $8,730.94 "," $9,139.68 "," $8,970.43 "," $9,342.42 "," $9,310.64 "," $9,361.32 "," $8,840.91 "," $9,178.57 "," $8,807.51 "," $8,885.91 "," $8,820.42 "," $8,626.70 "," $8,479.87 "," $8,372.21 "," $7,648.96 "," $7,777.43 "," $8,130.35 "," $7,212.44 "," $7,024.87 "," $7,605.45 "," $6,997.32 "," $7,318.54 "," $7,686.96 "," $7,507.50 "," $7,214.59 "," $7,136.52 "," $6,955.21 "," $7,351.42 "," $7,064.54 "," $6,959.98 "," $6,947.99 "," $7,160.80 "," $7,225.18 "," $6,935.30 "," $6,788.95 "," $6,715.79 "," $6,958.07 "," $6,642.45 "," $6,331.02 "," $6,426.12 "," $6,534.43 "," $6,474.56 "," $6,352.11 "," $6,573.65 "," $6,660.28 "," $6,673.81 "," $6,749.12 "," $6,434.10 "," $6,473.54 "," $6,417.15 "," $6,495.63 "," $6,714.91 "," $6,629.88 "," $6,563.24 "," $6,575.37 "," $7,497.50 "," $7,395.07 "," $7,419.40 "," $7,164.12 "," $7,853.61 ",ND," $7,381.61 "," $7,237.75 "," $7,558.73 "," $7,779.33 "," $8,138.36 "," $7,577.27 "," $8,508.61 "," $8,212.51 "," $8,728.91 "," $8,236.63 "," $8,826.82 "," $9,385.48 "," $9,145.23 "," $8,976.98 "," $9,489.76 "," $9,391.80 "," $9,466.11 "," $9,494.68 "
,,Baja California Sur,Hombres," $10,687.53 "," $10,994.35 "," $11,123.71 "," $11,140.54 "," $10,619.29 "," $12,007.44 "," $11,603.66 "," $12,667.50 "," $11,926.35 "," $12,261.24 "," $12,419.56 "," $13,760.81 "," $12,316.84 "," $13,219.05 "," $11,928.12 "," $11,778.73 "," $11,539.80 "," $10,870.69 "," $10,938.46 "," $10,197.32 "," $9,835.00 "," $10,711.61 "," $10,457.08 "," $10,104.63 "," $10,425.55 "," $10,397.03 "," $9,859.14 "," $10,652.77 "," $10,023.84 "," $10,215.21 "," $10,480.38 "," $10,784.39 "," $9,767.32 "," $9,817.14 "," $10,001.36 "," $9,731.53 "," $10,250.87 "," $9,667.83 "," $8,856.33 "," $9,884.49 "," $9,875.30 "," $9,872.42 "," $9,572.03 "," $9,851.86 "," $9,867.77 "," $9,719.61 "," $10,557.24 "," $10,518.00 "," $10,423.64 "," $10,476.26 "," $10,417.13 "," $10,167.38 "," $10,439.60 "," $10,632.55 "," $10,662.79 "," $10,382.75 "," $10,453.19 "," $10,483.24 "," $9,895.84 "," $9,983.12 "," $10,312.70 ",ND," $9,881.47 "," $10,168.66 "," $9,685.59 "," $10,278.36 "," $11,714.22 "," $11,405.97 "," $10,886.45 "," $11,315.25 "," $11,456.64 "," $10,887.65 "," $11,517.98 "," $11,975.00 "," $12,022.31 "," $11,809.19 "," $12,013.45 "," $12,115.73 "," $12,055.70 "," $12,348.69 "
,,,Mujeres," $8,162.05 "," $8,339.52 "," $7,949.36 "," $8,531.92 "," $8,145.04 "," $9,087.89 "," $8,873.35 "," $9,357.30 "," $8,389.48 "," $8,638.44 "," $9,392.13 "," $8,819.91 "," $10,648.50 "," $8,830.35 "," $8,267.04 "," $8,360.83 "," $8,446.34 "," $8,406.68 "," $9,074.86 "," $7,508.32 "," $7,630.30 "," $7,598.46 "," $7,039.92 "," $7,316.43 "," $7,152.00 "," $7,783.19 "," $7,872.32 "," $8,118.83 "," $7,691.49 "," $8,116.95 "," $8,448.03 "," $8,009.81 "," $7,258.31 "," $7,367.62 "," $7,978.86 "," $7,430.07 "," $7,122.10 "," $7,141.02 "," $7,136.44 "," $7,209.27 "," $7,167.27 "," $7,588.17 "," $6,903.28 "," $7,214.01 "," $7,547.76 "," $7,692.19 "," $7,420.66 "," $8,496.72 "," $7,489.62 "," $7,805.30 "," $8,097.68 "," $7,855.32 "," $7,551.94 "," $7,688.99 "," $7,342.35 "," $8,219.02 "," $7,797.77 "," $8,613.62 "," $7,986.73 "," $7,733.91 "," $8,071.59 ",ND," $7,247.25 "," $7,443.00 "," $7,230.32 "," $7,826.46 "," $9,100.43 "," $9,017.57 "," $8,354.50 "," $8,631.86 "," $8,922.19 "," $8,294.45 "," $9,397.82 "," $8,335.24 "," $8,766.25 "," $8,751.17 "," $8,742.59 "," $8,875.20 "," $9,405.85 "," $9,565.74 "
,,Campeche,Hombres," $6,963.25 "," $6,953.00 "," $6,978.56 "," $7,104.37 "," $7,189.67 "," $7,413.21 "," $7,260.98 "," $6,991.02 "," $7,343.50 "," $7,373.09 "," $7,344.07 "," $7,332.94 "," $7,655.43 "," $7,573.32 "," $7,320.81 "," $7,226.93 "," $7,473.15 "," $6,766.16 "," $7,023.05 "," $7,079.43 "," $6,878.34 "," $6,762.89 "," $6,966.94 "," $6,522.87 "," $6,844.63 "," $7,283.19 "," $7,053.23 "," $7,151.35 "," $6,896.68 "," $7,250.04 "," $6,876.06 "," $7,167.19 "," $6,883.49 "," $7,470.35 "," $7,543.15 "," $7,112.49 "," $7,325.29 "," $7,260.16 "," $7,102.84 "," $6,825.86 "," $6,886.46 "," $7,121.90 "," $6,816.32 "," $6,903.51 "," $6,868.48 "," $6,854.25 "," $6,644.41 "," $6,693.49 "," $6,493.48 "," $6,027.73 "," $5,993.02 "," $6,287.09 "," $6,226.73 "," $6,368.52 "," $6,175.63 "," $6,077.62 "," $6,251.90 "," $6,486.40 "," $6,479.84 "," $6,369.70 "," $6,575.83 ",ND," $5,908.99 "," $6,443.30 "," $6,305.90 "," $6,373.67 "," $6,270.33 "," $6,506.64 "," $6,984.03 "," $6,554.91 "," $6,397.08 "," $6,533.53 "," $6,622.01 "," $6,887.33 "," $7,111.58 "," $7,246.08 "," $7,584.50 "," $7,856.76 "," $7,369.16 "," $7,447.24 "
,,,Mujeres," $4,838.00 "," $4,792.36 "," $4,887.74 "," $5,464.54 "," $5,309.22 "," $5,433.35 "," $5,479.12 "," $4,955.20 "," $4,943.95 "," $5,335.46 "," $5,506.01 "," $5,566.39 "," $5,392.88 "," $5,580.39 "," $5,178.61 "," $4,951.98 "," $5,140.51 "," $5,570.03 "," $4,870.87 "," $5,047.60 "," $5,141.00 "," $5,319.07 "," $5,008.09 "," $5,131.46 "," $5,242.25 "," $5,222.42 "," $5,474.81 "," $5,298.37 "," $5,351.96 "," $5,804.83 "," $4,934.86 "," $4,995.71 "," $5,254.82 "," $5,257.36 "," $5,229.10 "," $5,438.21 "," $5,557.18 "," $5,517.33 "," $5,420.66 "," $5,070.15 "," $5,139.66 "," $5,246.64 "," $5,382.84 "," $5,260.21 "," $5,370.50 "," $5,376.81 "," $5,331.62 "," $4,981.90 "," $5,043.44 "," $4,799.52 "," $4,964.43 "," $4,819.74 "," $4,876.97 "," $5,139.55 "," $5,087.25 "," $4,706.76 "," $4,691.77 "," $4,858.43 "," $4,985.50 "," $4,694.10 "," $4,773.97 ",ND," $4,931.39 "," $5,037.07 "," $4,992.93 "," $4,792.77 "," $5,247.35 "," $5,056.56 "," $5,284.38 "," $5,257.71 "," $5,052.27 "," $4,995.95 "," $4,983.67 "," $5,159.22 "," $5,436.09 "," $5,473.79 "," $5,783.83 "," $5,966.40 "," $6,045.66 "," $5,990.62 "
,,Coahuila de Zaragoza,Hombres," $9,087.01 "," $9,685.24 "," $9,448.11 "," $9,292.99 "," $9,345.00 "," $9,132.16 "," $9,704.94 "," $8,862.31 "," $9,596.92 "," $9,476.20 "," $9,468.65 "," $8,904.07 "," $9,012.69 "," $8,674.59 "," $8,665.08 "," $8,422.74 "," $8,118.44 "," $8,378.95 "," $7,890.43 "," $7,711.96 "," $7,704.33 "," $7,765.97 "," $7,945.55 "," $7,325.37 "," $7,761.20 "," $7,932.04 "," $8,055.73 "," $7,560.58 "," $7,509.03 "," $7,750.06 "," $7,693.28 "," $7,551.68 "," $7,964.49 "," $7,846.97 "," $8,020.77 "," $8,003.58 "," $8,007.24 "," $7,644.72 "," $8,002.99 "," $7,931.48 "," $7,847.28 "," $7,928.15 "," $8,117.34 "," $8,100.35 "," $8,161.11 "," $8,336.41 "," $8,345.69 "," $8,032.29 "," $8,113.58 "," $8,272.97 "," $8,135.12 "," $8,254.28 "," $8,123.34 "," $8,380.95 "," $8,405.94 "," $8,398.30 "," $8,673.31 "," $8,729.96 "," $8,921.39 "," $8,763.65 "," $9,020.81 ",ND," $8,725.75 "," $8,452.16 "," $8,663.84 "," $8,526.61 "," $8,789.58 "," $8,777.42 "," $8,830.91 "," $8,741.07 "," $8,746.09 "," $8,685.86 "," $9,171.29 "," $9,332.75 "," $9,588.17 "," $9,323.10 "," $9,669.98 "," $9,825.16 "," $9,944.79 "," $9,903.70 "
,,,Mujeres," $7,032.64 "," $6,816.45 "," $6,625.97 "," $6,516.19 "," $6,618.67 "," $6,506.10 "," $7,063.47 "," $6,600.34 "," $6,948.22 "," $6,725.08 "," $6,804.30 "," $6,318.52 "," $5,971.57 "," $6,028.57 "," $6,541.84 "," $5,904.12 "," $5,870.03 "," $6,001.27 "," $5,980.60 "," $5,612.74 "," $5,908.23 "," $5,652.76 "," $5,979.19 "," $5,702.99 "," $5,896.21 "," $5,571.39 "," $5,659.27 "," $5,581.38 "," $5,727.81 "," $5,638.00 "," $6,048.30 "," $6,041.95 "," $5,991.41 "," $6,079.68 "," $6,072.19 "," $5,832.02 "," $5,850.31 "," $5,655.62 "," $5,924.09 "," $6,075.34 "," $6,199.56 "," $6,347.23 "," $6,517.93 "," $6,302.89 "," $6,107.15 "," $6,111.69 "," $6,174.10 "," $5,915.58 "," $6,248.50 "," $6,351.03 "," $6,371.61 "," $6,109.28 "," $6,007.39 "," $6,209.15 "," $6,470.25 "," $6,176.08 "," $6,246.39 "," $6,724.50 "," $6,819.60 "," $6,560.13 "," $6,857.64 ",ND," $6,779.52 "," $6,595.03 "," $6,918.39 "," $6,804.27 "," $7,074.14 "," $6,761.46 "," $7,170.69 "," $6,927.92 "," $6,825.17 "," $6,700.62 "," $7,022.68 "," $7,297.52 "," $7,550.68 "," $7,457.43 "," $7,569.94 "," $7,672.60 "," $7,694.63 "," $7,589.50 "
,,Colima,Hombres," $8,353.77 "," $8,730.23 "," $9,201.22 "," $8,322.50 "," $8,899.29 "," $8,898.21 "," $9,350.44 "," $9,222.60 "," $8,782.34 "," $9,179.66 "," $8,864.77 "," $8,725.12 "," $9,098.87 "," $8,807.25 "," $8,679.19 "," $8,439.42 "," $8,422.53 "," $7,973.57 "," $8,230.43 "," $7,925.20 "," $8,301.56 "," $8,642.20 "," $8,462.01 "," $8,354.10 "," $8,276.51 "," $8,071.58 "," $7,839.71 "," $7,941.36 "," $8,066.57 "," $8,368.09 "," $8,389.32 "," $8,081.16 "," $8,434.44 "," $8,918.80 "," $7,972.43 "," $8,249.64 "," $8,056.47 "," $7,856.99 "," $7,846.70 "," $7,783.75 "," $7,870.69 "," $7,912.83 "," $7,799.54 "," $7,803.94 "," $7,937.28 "," $7,879.01 "," $7,945.11 "," $7,893.47 "," $7,965.32 "," $7,832.89 "," $8,139.11 "," $7,918.37 "," $8,459.17 "," $8,079.28 "," $8,651.16 "," $8,023.87 "," $8,216.74 "," $8,211.48 "," $8,273.09 "," $8,224.53 "," $8,244.03 ",ND," $7,748.24 "," $8,189.00 "," $8,240.76 "," $8,905.44 "," $8,511.85 "," $8,727.99 "," $8,728.13 "," $9,072.43 "," $8,606.00 "," $8,914.18 "," $9,203.53 "," $9,221.96 "," $9,327.40 "," $9,190.73 "," $9,796.33 "," $9,778.90 "," $9,552.25 "," $9,652.00 "
,,,Mujeres," $5,852.63 "," $5,645.81 "," $5,537.32 "," $5,596.84 "," $5,784.81 "," $5,854.60 "," $5,854.05 "," $5,688.57 "," $5,806.44 "," $6,149.69 "," $6,186.72 "," $6,277.01 "," $6,135.71 "," $6,116.30 "," $5,952.05 "," $5,936.27 "," $6,133.31 "," $5,933.84 "," $6,002.54 "," $5,704.61 "," $5,558.81 "," $5,615.12 "," $5,571.22 "," $5,509.82 "," $5,480.58 "," $5,724.02 "," $5,323.10 "," $5,222.13 "," $5,549.13 "," $5,403.90 "," $5,334.76 "," $5,589.16 "," $5,464.75 "," $5,421.82 "," $5,793.79 "," $5,374.32 "," $5,382.79 "," $5,229.86 "," $5,237.70 "," $5,273.51 "," $5,341.92 "," $5,327.46 "," $5,583.40 "," $5,463.93 "," $5,472.92 "," $5,512.98 "," $5,371.64 "," $5,496.18 "," $5,442.03 "," $5,259.50 "," $5,406.46 "," $5,394.35 "," $5,360.65 "," $5,519.16 "," $5,770.98 "," $5,530.72 "," $5,511.81 "," $5,657.96 "," $5,621.20 "," $5,576.64 "," $5,727.91 ",ND," $5,705.51 "," $5,897.75 "," $6,022.94 "," $6,519.37 "," $6,170.52 "," $6,362.55 "," $5,895.86 "," $5,935.11 "," $6,038.79 "," $6,210.96 "," $6,305.55 "," $6,124.89 "," $6,275.08 "," $6,349.33 "," $6,780.89 "," $6,634.35 "," $7,214.76 "," $7,060.96 "
,,Chiapas,Hombres," $3,501.78 "," $3,387.37 "," $3,555.81 "," $3,552.88 "," $3,623.33 "," $3,662.49 "," $3,585.72 "," $3,687.57 "," $3,974.02 "," $4,013.34 "," $3,941.56 "," $3,933.07 "," $3,925.66 "," $3,953.72 "," $3,730.38 "," $3,830.44 "," $3,970.91 "," $3,775.09 "," $4,038.00 "," $3,661.31 "," $3,695.64 "," $3,540.87 "," $3,703.65 "," $3,589.53 "," $3,834.58 "," $3,858.75 "," $3,700.41 "," $3,661.17 "," $3,704.64 "," $3,713.26 "," $3,697.24 "," $3,626.57 "," $3,709.09 "," $3,529.89 "," $3,664.29 "," $3,499.50 "," $3,593.72 "," $3,426.34 "," $3,495.85 "," $3,422.87 "," $3,570.81 "," $3,517.81 "," $3,483.85 "," $3,422.79 "," $3,741.37 "," $3,561.35 "," $3,444.11 "," $3,549.03 "," $3,581.71 "," $3,550.07 "," $3,321.25 "," $3,406.47 "," $3,466.02 "," $3,546.82 "," $3,462.63 "," $3,364.50 "," $3,469.77 "," $3,320.73 "," $3,278.61 "," $3,532.81 "," $3,639.73 ",ND," $3,455.93 "," $3,845.12 "," $3,770.11 "," $3,870.38 "," $3,527.84 "," $3,619.33 "," $4,110.52 "," $3,712.54 "," $3,586.36 "," $3,971.09 "," $4,095.73 "," $4,113.10 "," $3,964.06 "," $4,139.11 "," $4,444.72 "," $4,547.11 "," $4,478.12 "," $4,502.12 "
,,,Mujeres," $3,544.89 "," $3,354.78 "," $3,236.08 "," $3,285.85 "," $3,555.97 "," $3,474.40 "," $3,539.68 "," $3,636.22 "," $3,702.37 "," $3,915.03 "," $3,538.98 "," $3,592.35 "," $3,740.41 "," $3,983.49 "," $3,893.27 "," $4,013.61 "," $3,771.97 "," $3,858.60 "," $3,713.22 "," $3,531.36 "," $3,665.40 "," $3,748.50 "," $3,769.68 "," $3,892.20 "," $3,852.11 "," $3,725.64 "," $3,824.12 "," $3,722.53 "," $3,807.83 "," $3,415.77 "," $3,950.57 "," $3,923.58 "," $3,903.99 "," $3,737.79 "," $3,764.09 "," $3,698.10 "," $3,962.23 "," $3,554.61 "," $3,922.89 "," $3,823.07 "," $4,020.04 "," $4,031.55 "," $3,966.90 "," $3,592.61 "," $3,912.82 "," $3,734.27 "," $3,840.48 "," $3,875.43 "," $3,497.42 "," $3,943.77 "," $3,912.75 "," $3,954.91 "," $3,842.22 "," $4,216.92 "," $3,969.93 "," $4,039.70 "," $4,074.73 "," $3,603.92 "," $3,706.72 "," $3,890.53 "," $4,102.90 ",ND," $3,949.70 "," $3,953.45 "," $4,173.30 "," $4,271.88 "," $4,402.01 "," $3,797.18 "," $4,035.29 "," $3,868.50 "," $3,559.39 "," $3,797.64 "," $4,049.60 "," $4,015.78 "," $4,110.48 "," $4,278.43 "," $4,266.44 "," $4,233.48 "," $4,478.37 "," $4,580.74 "
,,Chihuahua,Hombres," $8,942.09 "," $9,306.61 "," $9,463.91 "," $9,983.73 "," $9,420.48 "," $9,940.39 "," $9,324.63 "," $9,234.76 "," $9,163.57 "," $9,183.37 "," $10,161.69 "," $8,742.68 "," $9,628.38 "," $9,470.59 "," $9,152.31 "," $8,545.85 "," $9,200.77 "," $8,847.83 "," $8,487.48 "," $7,645.23 "," $7,990.36 "," $8,375.28 "," $8,245.53 "," $7,668.51 "," $7,644.88 "," $7,548.11 "," $7,251.19 "," $7,909.17 "," $7,652.73 "," $8,006.55 "," $8,291.70 "," $8,049.98 "," $7,746.00 "," $8,317.80 "," $8,004.93 "," $8,210.83 "," $7,868.07 "," $8,333.35 "," $7,922.44 "," $7,738.52 "," $7,843.57 "," $8,472.74 "," $8,508.37 "," $8,802.93 "," $8,658.83 "," $9,235.28 "," $9,552.95 "," $9,364.97 "," $9,735.41 "," $9,045.21 "," $9,309.45 "," $9,166.75 "," $8,996.91 "," $9,024.39 "," $9,017.87 "," $8,553.52 "," $8,964.35 "," $9,083.77 "," $8,868.98 "," $8,819.61 "," $9,283.30 ",ND," $9,130.27 "," $8,817.47 "," $9,352.23 "," $8,995.03 "," $8,747.69 "," $8,773.66 "," $9,319.81 "," $9,390.27 "," $8,928.46 "," $9,049.45 "," $9,643.39 "," $9,906.97 "," $9,911.10 "," $9,953.50 "," $10,408.59 "," $10,850.93 "," $10,371.85 "," $10,468.16 "
,,,Mujeres," $7,081.45 "," $6,464.24 "," $6,907.88 "," $7,439.46 "," $7,564.48 "," $8,327.03 "," $8,313.91 "," $7,693.23 "," $7,757.58 "," $7,791.37 "," $9,384.53 "," $8,238.73 "," $7,874.31 "," $7,322.53 "," $6,890.00 "," $6,382.18 "," $6,890.44 "," $7,236.00 "," $7,315.59 "," $6,912.97 "," $6,708.82 "," $6,888.89 "," $7,086.46 "," $6,190.34 "," $6,439.57 "," $6,089.62 "," $6,850.86 "," $6,458.78 "," $6,640.23 "," $6,600.78 "," $6,844.15 "," $6,704.58 "," $6,383.84 "," $6,239.89 "," $6,834.18 "," $6,679.20 "," $6,492.82 "," $6,455.50 "," $6,226.51 "," $6,093.46 "," $6,379.36 "," $6,266.40 "," $6,777.78 "," $6,543.43 "," $7,002.90 "," $7,342.14 "," $7,160.78 "," $7,015.33 "," $7,069.94 "," $7,013.84 "," $7,230.00 "," $6,670.66 "," $6,674.06 "," $6,730.54 "," $6,783.47 "," $6,585.54 "," $7,149.68 "," $6,892.56 "," $6,903.85 "," $7,018.84 "," $7,251.44 ",ND," $7,168.30 "," $6,885.69 "," $7,155.25 "," $7,421.00 "," $7,091.93 "," $6,972.57 "," $7,067.99 "," $7,321.78 "," $7,279.42 "," $7,294.26 "," $7,765.32 "," $7,959.56 "," $8,232.89 "," $8,082.90 "," $8,333.59 "," $8,605.87 "," $8,568.52 "," $8,720.71 "
,,Ciudad de México,Hombres," $9,728.57 "," $9,980.94 "," $9,772.02 "," $10,408.31 "," $10,220.65 "," $10,425.32 "," $10,632.45 "," $10,330.33 "," $10,926.14 "," $10,797.88 "," $10,535.62 "," $10,706.32 "," $10,760.19 "," $9,963.62 "," $9,958.31 "," $10,113.41 "," $9,744.51 "," $10,016.43 "," $9,592.06 "," $8,741.07 "," $9,005.99 "," $9,372.73 "," $9,134.97 "," $8,653.81 "," $8,861.38 "," $9,335.08 "," $9,378.09 "," $8,623.67 "," $8,875.17 "," $8,827.62 "," $9,032.97 "," $8,901.63 "," $8,547.27 "," $8,128.33 "," $8,342.41 "," $8,074.00 "," $8,069.78 "," $8,189.67 "," $7,667.73 "," $7,497.00 "," $8,221.16 "," $8,111.29 "," $8,690.77 "," $8,030.55 "," $8,125.20 "," $8,594.16 "," $8,750.29 "," $8,819.10 "," $8,193.47 "," $8,749.88 "," $8,499.73 "," $7,779.50 "," $8,486.77 "," $8,453.69 "," $8,372.36 "," $7,907.40 "," $8,223.27 "," $8,240.99 "," $7,822.36 "," $7,992.68 "," $9,242.81 ",ND," $7,813.01 "," $7,938.67 "," $8,260.27 "," $8,580.38 "," $8,182.80 "," $8,369.85 "," $8,445.84 "," $8,087.36 "," $7,746.54 "," $8,499.97 "," $9,504.01 "," $9,488.26 "," $9,457.53 "," $9,420.67 "," $10,515.09 "," $11,430.30 "," $11,743.25 "," $10,833.51 "
,,,Mujeres," $7,884.01 "," $7,427.86 "," $7,697.69 "," $7,806.96 "," $7,974.25 "," $7,711.25 "," $7,977.58 "," $7,681.63 "," $7,948.41 "," $7,948.24 "," $8,089.24 "," $7,411.66 "," $7,627.76 "," $7,272.39 "," $7,317.67 "," $7,276.36 "," $7,129.21 "," $7,420.05 "," $7,141.72 "," $6,914.29 "," $6,959.28 "," $7,067.71 "," $6,978.24 "," $6,673.13 "," $6,562.22 "," $6,921.76 "," $6,899.28 "," $6,746.64 "," $6,698.31 "," $7,039.46 "," $6,951.01 "," $6,682.37 "," $7,102.38 "," $6,780.74 "," $7,139.89 "," $6,563.80 "," $6,216.67 "," $6,567.15 "," $6,332.01 "," $6,291.63 "," $6,414.18 "," $6,330.57 "," $7,151.39 "," $6,617.66 "," $6,770.64 "," $6,985.92 "," $6,722.04 "," $7,063.80 "," $7,146.66 "," $7,293.95 "," $6,869.72 "," $6,390.33 "," $6,752.53 "," $6,899.78 "," $6,450.08 "," $6,603.55 "," $6,484.01 "," $6,498.43 "," $6,474.59 "," $6,419.02 "," $7,359.15 ",ND," $7,304.46 "," $6,926.21 "," $7,271.51 "," $6,784.02 "," $6,519.77 "," $6,577.56 "," $7,358.52 "," $7,128.15 "," $6,699.68 "," $7,000.91 "," $7,137.41 "," $7,541.61 "," $7,943.58 "," $7,999.61 "," $8,233.63 "," $9,320.43 "," $8,829.63 "," $9,007.48 "
,,Durango,Hombres," $6,153.26 "," $6,082.15 "," $6,180.09 "," $6,384.45 "," $6,434.91 "," $6,583.62 "," $6,796.85 "," $6,514.15 "," $6,466.20 "," $6,693.23 "," $6,389.84 "," $6,683.48 "," $6,731.29 "," $7,004.91 "," $6,735.42 "," $6,338.83 "," $6,516.45 "," $6,122.79 "," $6,296.81 "," $5,829.62 "," $6,172.14 "," $6,045.10 "," $5,861.60 "," $6,022.90 "," $6,016.26 "," $6,186.45 "," $6,465.76 "," $5,972.00 "," $5,947.81 "," $5,813.55 "," $5,711.68 "," $6,096.17 "," $5,996.31 "," $6,190.45 "," $5,760.98 "," $5,641.57 "," $5,784.67 "," $5,633.79 "," $5,735.76 "," $5,592.56 "," $5,704.31 "," $5,895.62 "," $6,124.02 "," $5,961.76 "," $6,287.88 "," $6,378.46 "," $6,432.92 "," $6,342.03 "," $6,568.43 "," $6,395.04 "," $6,452.88 "," $6,142.25 "," $6,223.10 "," $6,391.88 "," $6,256.08 "," $6,213.47 "," $6,509.32 "," $6,948.72 "," $6,811.31 "," $6,742.71 "," $6,959.96 ",ND," $6,411.88 "," $6,651.12 "," $6,619.80 "," $6,562.58 "," $6,395.91 "," $6,399.53 "," $6,775.77 "," $6,790.31 "," $6,680.15 "," $6,698.78 "," $6,966.58 "," $7,170.41 "," $7,159.02 "," $6,969.85 "," $7,377.05 "," $7,563.21 "," $7,585.13 "," $7,580.18 "
,,,Mujeres," $5,166.12 "," $5,208.33 "," $5,405.96 "," $5,589.99 "," $5,538.78 "," $5,332.08 "," $5,582.77 "," $5,737.09 "," $5,237.77 "," $5,642.53 "," $5,459.41 "," $5,821.02 "," $5,394.09 "," $5,637.67 "," $5,679.20 "," $4,986.32 "," $5,236.26 "," $5,541.60 "," $5,400.05 "," $4,885.06 "," $5,115.12 "," $4,948.46 "," $5,306.16 "," $4,817.04 "," $4,919.68 "," $4,805.80 "," $5,352.88 "," $4,558.18 "," $4,851.22 "," $5,001.38 "," $4,490.56 "," $4,319.44 "," $4,635.29 "," $4,666.19 "," $4,578.11 "," $4,472.72 "," $4,575.75 "," $4,690.62 "," $4,561.37 "," $4,383.36 "," $4,360.96 "," $4,404.69 "," $4,378.87 "," $4,350.94 "," $4,371.87 "," $4,405.93 "," $4,604.87 "," $4,749.74 "," $5,001.07 "," $4,961.56 "," $4,987.72 "," $4,727.11 "," $4,971.18 "," $4,779.38 "," $4,575.69 "," $4,856.76 "," $4,976.92 "," $5,149.35 "," $5,114.21 "," $5,097.55 "," $5,316.77 ",ND," $5,722.39 "," $5,516.01 "," $5,269.74 "," $5,070.15 "," $5,014.89 "," $5,099.61 "," $5,394.30 "," $5,573.08 "," $5,232.82 "," $5,331.59 "," $5,542.81 "," $5,579.78 "," $5,727.30 "," $5,340.03 "," $5,845.19 "," $5,807.59 "," $5,833.63 "," $6,105.28 "
,,Guanajuato,Hombres," $7,102.05 "," $7,085.81 "," $6,707.10 "," $7,011.50 "," $6,910.67 "," $6,860.67 "," $6,861.29 "," $7,009.18 "," $7,318.18 "," $7,640.49 "," $7,159.42 "," $6,955.80 "," $7,168.70 "," $6,792.82 "," $6,718.30 "," $6,224.88 "," $6,497.31 "," $6,236.78 "," $6,124.06 "," $6,067.81 "," $6,175.36 "," $5,912.78 "," $6,129.57 "," $6,228.03 "," $6,132.23 "," $6,160.45 "," $6,006.17 "," $5,772.04 "," $6,199.65 "," $5,896.12 "," $5,914.02 "," $6,029.88 "," $6,075.01 "," $5,882.61 "," $6,075.41 "," $5,925.47 "," $5,953.24 "," $5,896.34 "," $5,994.45 "," $6,081.82 "," $5,941.09 "," $6,269.25 "," $6,266.21 "," $6,395.76 "," $6,404.16 "," $6,632.76 "," $6,380.69 "," $6,443.83 "," $6,499.80 "," $6,606.45 "," $6,542.39 "," $6,828.58 "," $7,084.49 "," $6,944.64 "," $6,930.76 "," $6,992.75 "," $6,944.81 "," $6,959.86 "," $6,818.46 "," $6,880.71 "," $7,072.23 ",ND," $6,513.73 "," $6,750.52 "," $6,836.39 "," $6,542.74 "," $6,569.13 "," $6,451.28 "," $6,922.60 "," $6,591.93 "," $6,407.26 "," $6,628.21 "," $6,619.52 "," $6,914.31 "," $6,665.16 "," $6,889.76 "," $7,314.96 "," $7,040.15 "," $6,965.79 "," $6,870.05 "
,,,Mujeres," $4,487.27 "," $4,673.66 "," $4,364.90 "," $4,626.12 "," $4,741.56 "," $4,930.93 "," $4,848.05 "," $5,017.25 "," $5,159.52 "," $5,029.97 "," $4,950.54 "," $4,548.46 "," $4,776.23 "," $4,513.89 "," $4,471.23 "," $4,335.27 "," $4,593.77 "," $4,405.63 "," $4,638.31 "," $4,376.84 "," $4,278.70 "," $4,438.96 "," $4,498.84 "," $4,527.00 "," $4,509.65 "," $4,648.96 "," $4,580.93 "," $4,229.79 "," $4,435.21 "," $4,066.78 "," $4,198.24 "," $4,404.41 "," $4,345.75 "," $4,273.78 "," $4,237.10 "," $4,281.71 "," $4,296.97 "," $4,346.22 "," $4,328.62 "," $4,301.52 "," $4,612.20 "," $4,324.83 "," $4,232.42 "," $4,618.33 "," $4,844.25 "," $4,832.03 "," $4,621.74 "," $4,842.73 "," $4,772.80 "," $4,965.45 "," $4,593.02 "," $4,781.66 "," $4,875.89 "," $4,799.28 "," $4,887.75 "," $4,846.69 "," $5,162.63 "," $5,098.90 "," $5,063.86 "," $4,962.55 "," $5,301.08 ",ND," $5,108.01 "," $5,231.98 "," $5,188.87 "," $4,871.96 "," $4,712.83 "," $4,826.50 "," $5,101.27 "," $4,838.96 "," $4,876.28 "," $4,822.52 "," $4,996.46 "," $5,106.65 "," $4,962.59 "," $5,112.12 "," $5,531.23 "," $5,222.33 "," $5,516.39 "," $5,365.19 "
,,Guerrero,Hombres," $4,984.31 "," $4,919.44 "," $4,295.71 "," $4,202.86 "," $5,200.80 "," $4,765.79 "," $4,509.27 "," $4,610.50 "," $4,714.87 "," $4,556.64 "," $4,265.72 "," $4,263.29 "," $5,127.02 "," $4,846.25 "," $4,223.39 "," $4,037.75 "," $4,511.37 "," $3,910.85 "," $3,623.61 "," $3,782.60 "," $4,402.97 "," $3,824.98 "," $3,560.86 "," $3,560.61 "," $4,384.31 "," $3,839.31 "," $3,572.46 "," $3,575.93 "," $3,949.01 "," $3,787.92 "," $3,366.87 "," $3,416.55 "," $3,976.89 "," $3,657.15 "," $3,527.70 "," $3,629.23 "," $3,953.21 "," $3,678.18 "," $3,247.76 "," $3,520.41 "," $3,863.36 "," $3,546.80 "," $3,578.24 "," $3,470.81 "," $3,910.08 "," $3,608.01 "," $3,252.68 "," $3,353.10 "," $4,018.31 "," $3,572.46 "," $3,236.42 "," $3,332.90 "," $3,934.32 "," $3,949.18 "," $3,337.49 "," $3,342.62 "," $3,959.33 "," $3,715.01 "," $3,641.19 "," $3,745.23 "," $4,361.29 ",ND," $3,701.55 "," $3,725.40 "," $4,147.46 "," $3,917.54 "," $3,691.38 "," $3,892.62 "," $4,480.68 "," $4,000.63 "," $3,269.73 "," $3,838.03 "," $4,329.63 "," $4,483.87 "," $4,069.63 ", ND ," $4,943.70 "," $5,059.91 "," $4,832.97 "," $4,819.63 "
,,,Mujeres," $4,042.76 "," $4,206.41 "," $3,928.26 "," $4,249.60 "," $4,527.11 "," $4,052.71 "," $4,117.78 "," $3,761.18 "," $4,232.16 "," $3,892.85 "," $3,622.12 "," $3,517.79 "," $3,960.84 "," $4,011.73 "," $4,034.62 "," $3,331.03 "," $4,038.99 "," $3,712.45 "," $3,326.87 "," $3,474.75 "," $3,591.59 "," $3,493.64 "," $3,429.91 "," $3,260.33 "," $3,648.06 "," $3,352.23 "," $3,383.48 "," $2,980.45 "," $3,369.91 "," $3,253.89 "," $3,024.25 "," $3,323.20 "," $3,641.88 "," $3,706.16 "," $3,623.09 "," $3,370.02 "," $3,582.19 "," $3,558.04 "," $3,187.74 "," $3,481.65 "," $3,480.39 "," $3,500.25 "," $3,226.85 "," $3,195.11 "," $3,401.97 "," $3,406.44 "," $3,482.06 "," $3,615.50 "," $3,669.43 "," $3,517.89 "," $3,680.88 "," $3,093.25 "," $3,590.03 "," $3,284.06 "," $3,447.75 "," $3,208.88 "," $3,284.88 "," $3,310.16 "," $3,351.95 "," $3,383.80 "," $3,601.75 ",ND," $3,136.45 "," $4,449.28 "," $4,264.91 "," $3,699.17 "," $3,520.30 "," $3,560.64 "," $3,833.07 "," $3,536.96 "," $3,181.80 "," $3,114.86 "," $3,791.98 "," $3,813.40 "," $3,431.05 ", ND ," $3,990.52 "," $4,579.39 "," $4,019.01 "," $3,753.76 "
,,Hidalgo,Hombres," $5,715.56 "," $5,922.73 "," $5,402.96 "," $5,617.03 "," $5,278.46 "," $5,512.99 "," $5,976.68 "," $5,993.27 "," $6,083.50 "," $6,118.24 "," $5,828.09 "," $6,078.52 "," $5,635.18 "," $5,776.80 "," $5,820.38 "," $5,552.51 "," $5,686.83 "," $5,535.14 "," $5,438.97 "," $5,648.68 "," $5,388.77 "," $5,418.02 "," $5,834.24 "," $5,447.96 "," $5,591.77 "," $5,693.13 "," $5,229.45 "," $5,679.22 "," $5,392.07 "," $5,858.42 "," $5,619.14 "," $5,493.44 "," $5,014.04 "," $5,926.54 "," $5,614.30 "," $5,501.56 "," $5,607.10 "," $5,257.66 "," $5,380.64 "," $5,227.39 "," $5,557.29 "," $5,506.82 "," $5,418.02 "," $5,503.46 "," $5,695.59 "," $5,517.70 "," $5,728.25 "," $5,580.36 "," $5,141.37 "," $5,572.47 "," $5,572.22 "," $5,250.59 "," $5,323.58 "," $5,261.66 "," $5,428.04 "," $5,338.50 "," $5,345.04 "," $5,415.15 "," $5,184.95 "," $5,308.57 "," $5,523.72 ",ND," $4,977.04 "," $5,469.07 "," $5,630.15 "," $5,800.52 "," $5,552.74 "," $5,556.87 "," $5,459.54 "," $5,832.31 "," $6,129.98 "," $6,510.00 "," $6,619.34 "," $6,179.96 "," $5,797.25 "," $6,081.86 "," $6,363.65 "," $6,437.56 "," $6,483.05 "," $6,501.24 "
,,,Mujeres," $3,929.22 "," $3,814.33 "," $3,655.04 "," $3,994.40 "," $4,214.88 "," $4,238.08 "," $4,731.68 "," $4,527.02 "," $4,243.71 "," $4,529.95 "," $4,290.88 "," $4,216.65 "," $4,044.00 "," $4,161.18 "," $4,355.51 "," $4,111.39 "," $4,180.27 "," $4,532.67 "," $4,335.33 "," $4,121.38 "," $3,994.17 "," $4,038.14 "," $4,377.00 "," $4,175.41 "," $4,161.81 "," $4,323.77 "," $4,199.18 "," $4,345.22 "," $4,400.82 "," $4,466.10 "," $4,385.83 "," $4,368.23 "," $4,413.20 "," $4,290.86 "," $4,493.79 "," $4,365.07 "," $4,506.49 "," $4,410.40 "," $4,450.44 "," $4,129.91 "," $4,475.52 "," $4,376.66 "," $4,218.43 "," $4,098.70 "," $4,406.95 "," $4,346.13 "," $4,508.38 "," $4,498.78 "," $4,264.93 "," $4,005.65 "," $4,040.16 "," $3,624.93 "," $3,969.76 "," $4,032.75 "," $3,777.41 "," $3,925.19 "," $4,189.15 "," $3,894.80 "," $3,737.64 "," $3,858.66 "," $4,126.45 ",ND," $3,722.73 "," $4,222.49 "," $4,231.35 "," $4,244.93 "," $4,126.77 "," $4,297.21 "," $4,253.88 "," $4,213.69 "," $4,342.48 "," $4,476.66 "," $4,814.36 "," $4,586.51 "," $4,400.95 "," $4,603.98 "," $4,909.51 "," $4,244.52 "," $4,866.55 "," $4,664.88 "
,,Jalisco,Hombres," $8,013.50 "," $8,374.18 "," $8,014.79 "," $8,150.04 "," $8,502.36 "," $8,567.40 "," $8,485.32 "," $8,563.45 "," $8,580.99 "," $8,683.76 "," $8,377.16 "," $8,378.79 "," $8,678.24 "," $8,708.25 "," $8,285.11 "," $8,143.71 "," $8,065.76 "," $8,026.63 "," $7,515.67 "," $7,628.95 "," $7,377.80 "," $7,614.68 "," $7,240.22 "," $7,376.61 "," $7,506.38 "," $7,415.44 "," $7,176.56 "," $7,206.97 "," $7,188.61 "," $7,414.28 "," $7,205.14 "," $7,434.82 "," $7,435.38 "," $7,539.59 "," $7,438.82 "," $7,337.73 "," $7,345.92 "," $7,604.64 "," $7,531.96 "," $7,032.04 "," $7,328.43 "," $7,301.16 "," $7,640.09 "," $7,352.92 "," $7,599.80 "," $7,463.16 "," $7,584.23 "," $7,534.66 "," $7,784.91 "," $7,689.33 "," $7,584.61 "," $7,581.96 "," $7,834.50 "," $7,580.36 "," $7,673.73 "," $7,896.90 "," $7,846.32 "," $8,025.89 "," $7,791.84 "," $7,976.39 "," $8,597.02 ",ND," $8,231.43 "," $8,210.29 "," $8,457.53 "," $8,215.30 "," $8,120.97 "," $7,854.27 "," $8,377.33 "," $8,389.72 "," $8,180.50 "," $8,604.54 "," $8,724.54 "," $8,879.16 "," $9,121.38 "," $9,001.32 "," $9,718.10 "," $9,461.99 "," $9,475.70 "," $9,772.18 "
,,,Mujeres," $4,954.27 "," $5,232.19 "," $4,964.86 "," $5,055.21 "," $5,573.17 "," $5,792.93 "," $5,592.92 "," $5,483.82 "," $5,653.94 "," $5,885.98 "," $5,832.19 "," $5,706.57 "," $5,959.39 "," $5,648.63 "," $5,564.95 "," $5,588.30 "," $5,281.03 "," $5,289.45 "," $5,124.29 "," $4,880.96 "," $5,095.37 "," $5,171.70 "," $5,073.29 "," $4,976.31 "," $5,095.32 "," $5,155.41 "," $4,982.69 "," $4,988.06 "," $5,170.61 "," $5,354.25 "," $5,239.70 "," $5,390.96 "," $5,414.04 "," $5,317.28 "," $5,384.75 "," $5,213.64 "," $5,190.03 "," $5,372.07 "," $5,269.01 "," $5,002.51 "," $5,216.30 "," $5,482.95 "," $5,448.48 "," $5,347.03 "," $5,542.87 "," $5,441.89 "," $5,583.60 "," $5,570.83 "," $5,640.02 "," $5,483.71 "," $5,688.91 "," $5,616.27 "," $5,861.93 "," $5,788.87 "," $5,757.30 "," $5,500.26 "," $5,811.12 "," $6,029.24 "," $5,837.59 "," $6,039.20 "," $6,149.55 ",ND," $6,338.45 "," $6,464.53 "," $6,801.51 "," $6,535.49 "," $6,344.13 "," $6,108.36 "," $6,535.48 "," $6,326.36 "," $6,408.56 "," $6,429.22 "," $6,518.46 "," $6,917.82 "," $6,818.97 "," $6,944.53 "," $7,346.52 "," $7,381.98 "," $7,310.74 "," $7,392.13 "
,,México,Hombres," $7,061.95 "," $7,382.63 "," $7,430.21 "," $7,423.03 "," $7,818.94 "," $7,623.33 "," $7,844.51 "," $7,305.46 "," $7,520.00 "," $7,845.81 "," $7,442.03 "," $7,206.83 "," $7,303.54 "," $7,383.07 "," $7,423.82 "," $6,753.76 "," $7,141.71 "," $7,371.07 "," $7,072.36 "," $6,811.59 "," $7,108.08 "," $7,121.15 "," $7,074.21 "," $7,001.99 "," $7,196.97 "," $7,324.33 "," $7,509.66 "," $6,878.07 "," $7,178.03 "," $7,144.67 "," $6,873.79 "," $6,548.12 "," $7,384.39 "," $6,433.45 "," $6,142.57 "," $6,726.96 "," $6,375.95 "," $6,204.42 "," $6,164.11 "," $5,949.82 "," $6,203.81 "," $6,012.24 "," $6,175.53 "," $6,294.36 "," $6,357.66 "," $6,250.13 "," $6,690.98 "," $6,311.97 "," $6,312.35 "," $6,260.84 "," $6,375.31 "," $6,168.77 "," $6,442.81 "," $6,439.25 "," $6,195.89 "," $6,245.56 "," $6,412.79 "," $6,357.75 "," $6,265.45 "," $6,382.26 "," $6,677.62 ",ND," $6,449.91 "," $6,530.68 "," $6,820.23 "," $6,790.54 "," $6,757.89 "," $6,543.05 "," $7,033.00 "," $7,100.52 "," $6,627.45 "," $6,572.50 "," $7,160.26 "," $7,250.43 "," $7,389.54 "," $7,499.36 "," $7,840.76 "," $7,955.61 "," $7,641.95 "," $7,644.56 "
,,,Mujeres," $4,788.28 "," $5,540.00 "," $5,654.41 "," $5,435.58 "," $5,440.72 "," $5,310.81 "," $5,319.06 "," $5,164.81 "," $5,076.28 "," $5,468.15 "," $5,473.17 "," $5,234.44 "," $5,410.76 "," $5,655.44 "," $5,309.99 "," $5,099.07 "," $5,761.65 "," $5,434.20 "," $5,442.25 "," $5,077.96 "," $5,132.01 "," $5,236.96 "," $5,363.43 "," $5,457.28 "," $5,561.07 "," $5,671.60 "," $5,817.81 "," $5,297.37 "," $5,550.95 "," $5,401.30 "," $4,943.48 "," $5,015.34 "," $5,060.90 "," $5,077.04 "," $4,656.97 "," $4,782.82 "," $4,847.11 "," $4,650.80 "," $4,886.70 "," $4,497.26 "," $4,625.36 "," $4,484.74 "," $4,491.34 "," $4,397.97 "," $4,767.10 "," $4,868.33 "," $5,178.82 "," $5,010.59 "," $5,003.36 "," $4,908.22 "," $4,977.36 "," $4,744.16 "," $5,095.06 "," $5,129.49 "," $4,926.31 "," $4,770.31 "," $5,006.50 "," $4,913.39 "," $4,717.36 "," $4,790.27 "," $5,163.37 ",ND," $5,240.73 "," $5,538.86 "," $5,669.96 "," $5,544.46 "," $5,413.93 "," $5,483.24 "," $5,438.29 "," $5,614.58 "," $5,392.90 "," $5,344.51 "," $5,839.60 "," $5,803.29 "," $5,580.20 "," $5,830.51 "," $6,079.43 "," $6,572.40 "," $6,413.15 "," $6,189.52 "
,,Michoacán de Ocampo,Hombres," $6,416.06 "," $6,149.09 "," $5,974.27 "," $6,135.84 "," $5,671.63 "," $6,141.50 "," $6,187.17 "," $6,533.20 "," $6,467.02 "," $6,468.54 "," $6,456.97 "," $6,330.82 "," $6,317.80 "," $6,950.96 "," $6,141.92 "," $6,590.06 "," $6,669.31 "," $6,698.39 "," $6,314.15 "," $6,117.02 "," $6,454.96 "," $6,481.24 "," $6,329.47 "," $6,363.61 "," $6,475.16 "," $6,338.10 "," $6,131.81 "," $6,374.09 "," $6,269.63 "," $6,569.64 "," $6,206.16 "," $6,128.64 "," $6,477.45 "," $6,082.57 "," $5,711.83 "," $5,730.00 "," $5,984.77 "," $5,731.93 "," $5,804.70 "," $5,718.03 "," $5,837.41 "," $5,694.83 "," $5,801.80 "," $5,692.63 "," $5,846.81 "," $5,735.27 "," $5,670.67 "," $5,780.96 "," $6,121.95 "," $5,826.67 "," $5,755.03 "," $5,959.98 "," $6,031.58 "," $6,183.83 "," $6,070.65 "," $6,230.25 "," $6,642.37 "," $6,023.36 "," $6,339.07 "," $6,260.18 "," $6,674.27 ",ND," $6,621.09 "," $6,948.28 "," $6,690.50 "," $6,929.03 "," $6,712.36 "," $6,655.20 "," $6,743.73 "," $7,036.00 "," $6,515.07 "," $6,860.10 "," $6,997.57 "," $7,175.09 "," $6,900.28 "," $7,105.98 "," $7,384.25 "," $7,314.57 "," $7,272.11 "," $7,679.71 "
,,,Mujeres," $4,046.17 "," $4,118.16 "," $3,822.17 "," $4,136.08 "," $4,070.09 "," $4,156.60 "," $4,261.11 "," $4,311.72 "," $4,410.12 "," $4,451.63 "," $4,290.88 "," $4,232.94 "," $4,231.80 "," $4,666.46 "," $4,523.92 "," $4,560.79 "," $4,521.22 "," $4,625.55 "," $4,299.83 "," $4,544.54 "," $4,417.29 "," $4,420.45 "," $4,577.65 "," $5,187.61 "," $4,883.76 "," $4,380.54 "," $4,285.58 "," $4,526.47 "," $4,411.35 "," $4,474.51 "," $4,326.22 "," $4,286.09 "," $4,492.08 "," $4,393.70 "," $4,394.66 "," $4,263.71 "," $4,432.67 "," $4,206.88 "," $4,518.56 "," $4,289.47 "," $4,200.17 "," $4,337.66 "," $4,361.14 "," $4,411.37 "," $4,304.22 "," $4,540.29 "," $4,427.23 "," $4,173.66 "," $4,499.93 "," $4,291.11 "," $4,390.97 "," $4,244.25 "," $4,394.72 "," $4,503.22 "," $4,703.69 "," $4,579.55 "," $4,696.11 "," $4,576.12 "," $4,685.66 "," $4,706.23 "," $5,064.54 ",ND," $5,238.16 "," $4,910.33 "," $5,571.53 "," $5,339.10 "," $5,636.04 "," $5,332.73 "," $5,504.22 "," $5,477.45 "," $5,025.60 "," $5,098.95 "," $5,107.16 "," $5,252.57 "," $5,202.65 "," $5,208.89 "," $5,130.09 "," $5,291.14 "," $5,443.69 "," $5,438.33 "
,,Morelos,Hombres," $6,637.70 "," $6,583.56 "," $6,541.64 "," $7,180.54 "," $6,428.05 "," $6,552.28 "," $6,819.26 "," $6,826.71 "," $6,679.78 "," $6,972.69 "," $6,738.43 "," $6,437.30 "," $6,516.60 "," $6,399.78 "," $6,064.39 "," $6,058.39 "," $6,146.64 "," $6,113.50 "," $6,392.30 "," $5,876.36 "," $5,823.53 "," $6,085.05 "," $5,755.17 "," $5,973.70 "," $5,741.32 "," $6,170.54 "," $6,161.19 "," $5,842.37 "," $6,091.16 "," $6,101.31 "," $5,788.80 "," $6,044.90 "," $5,563.29 "," $5,616.27 "," $5,584.21 "," $5,633.76 "," $5,511.10 "," $5,200.67 "," $5,341.69 "," $5,421.49 "," $5,530.50 "," $5,580.62 "," $5,533.53 "," $5,431.90 "," $5,604.40 "," $5,505.79 "," $5,520.74 "," $5,266.14 "," $5,578.25 "," $5,330.34 "," $5,426.06 "," $5,250.89 "," $5,243.98 "," $5,305.47 "," $4,975.93 "," $5,004.24 "," $5,200.02 "," $5,133.08 "," $5,262.92 "," $5,056.98 "," $5,466.98 ",ND," $5,286.05 "," $5,460.13 "," $5,859.97 "," $5,849.11 "," $5,556.34 "," $5,836.14 "," $5,866.49 "," $6,228.35 "," $5,902.78 "," $6,177.75 "," $6,406.86 "," $6,217.06 "," $6,240.96 "," $6,051.94 "," $6,487.70 "," $6,331.27 "," $6,531.64 "," $6,373.65 "
,,,Mujeres," $4,379.44 "," $4,387.20 "," $4,583.51 "," $4,698.34 "," $4,405.65 "," $4,413.35 "," $4,830.52 "," $4,498.86 "," $4,407.47 "," $4,749.11 "," $4,446.68 "," $4,399.95 "," $4,379.86 "," $4,268.71 "," $4,445.72 "," $4,136.98 "," $4,345.22 "," $4,173.22 "," $4,096.21 "," $4,245.28 "," $4,119.27 "," $4,305.21 "," $4,292.25 "," $4,367.27 "," $4,280.89 "," $4,239.92 "," $4,481.92 "," $4,049.12 "," $4,552.69 "," $4,564.45 "," $4,179.88 "," $4,237.81 "," $4,013.73 "," $3,897.32 "," $3,936.45 "," $3,921.12 "," $3,806.42 "," $3,683.89 "," $3,795.34 "," $3,823.72 "," $3,820.15 "," $3,867.37 "," $3,833.72 "," $3,835.22 "," $3,904.87 "," $3,843.07 "," $3,778.28 "," $3,774.31 "," $3,966.07 "," $4,212.13 "," $4,019.12 "," $3,568.54 "," $3,660.36 "," $3,701.99 "," $3,742.64 "," $3,536.01 "," $3,570.21 "," $3,680.72 "," $3,923.71 "," $3,675.66 "," $4,084.53 ",ND," $3,956.02 "," $3,934.98 "," $4,459.92 "," $4,360.19 "," $4,388.94 "," $4,191.39 "," $4,368.04 "," $4,257.11 "," $4,230.71 "," $4,173.76 "," $4,354.75 "," $4,350.05 "," $4,319.58 "," $4,341.34 "," $4,562.60 "," $4,621.41 "," $4,569.71 "," $4,467.15 "
,,Nayarit,Hombres," $6,468.87 "," $6,569.06 "," $6,562.68 "," $6,794.31 "," $6,805.50 "," $7,083.09 "," $7,336.63 "," $7,028.03 "," $7,366.66 "," $7,273.42 "," $7,195.03 "," $7,090.25 "," $7,594.32 "," $7,268.97 "," $7,332.32 "," $7,078.14 "," $7,307.85 "," $7,212.99 "," $6,926.87 "," $6,685.97 "," $6,597.86 "," $6,645.77 "," $6,446.02 "," $6,390.09 "," $6,484.34 "," $6,366.00 "," $6,536.95 "," $6,391.51 "," $6,434.10 "," $6,405.89 "," $6,519.91 "," $6,476.25 "," $6,794.43 "," $6,579.60 "," $6,423.55 "," $6,450.80 "," $6,456.94 "," $6,512.01 "," $6,570.51 "," $6,321.62 "," $6,190.49 "," $6,447.27 "," $6,353.15 "," $6,274.40 "," $6,646.33 "," $6,487.10 "," $6,686.50 "," $6,564.77 "," $6,593.23 "," $6,668.41 "," $6,332.68 "," $6,742.78 "," $6,776.98 "," $6,982.92 "," $6,873.52 "," $6,606.80 "," $6,852.56 "," $6,753.54 "," $6,625.47 "," $6,680.77 "," $7,048.04 ",ND," $7,103.86 "," $7,205.58 "," $7,330.89 "," $7,156.69 "," $7,075.06 "," $7,090.68 "," $7,353.01 "," $7,363.84 "," $7,187.44 "," $7,322.32 "," $7,425.85 "," $7,745.30 "," $7,673.84 "," $7,867.57 "," $8,339.57 "," $8,442.18 "," $8,414.26 "," $8,295.56 "
,,,Mujeres," $4,816.96 "," $4,740.24 "," $4,794.98 "," $4,868.35 "," $4,910.15 "," $4,942.35 "," $5,132.05 "," $5,131.84 "," $5,238.62 "," $5,366.59 "," $5,346.76 "," $5,212.67 "," $5,467.90 "," $5,435.12 "," $5,717.22 "," $5,367.58 "," $5,262.48 "," $5,299.95 "," $5,056.23 "," $4,962.56 "," $4,949.12 "," $5,214.86 "," $5,101.10 "," $4,918.21 "," $5,026.08 "," $5,156.49 "," $5,190.39 "," $5,056.89 "," $5,054.59 "," $5,013.85 "," $4,847.21 "," $4,851.52 "," $4,964.88 "," $5,078.17 "," $5,096.52 "," $5,014.92 "," $4,936.11 "," $4,802.42 "," $4,906.76 "," $4,718.05 "," $4,876.65 "," $4,814.13 "," $4,837.98 "," $4,656.90 "," $5,023.14 "," $4,868.08 "," $5,080.40 "," $4,757.87 "," $4,919.35 "," $4,870.96 "," $5,071.45 "," $5,141.78 "," $5,036.06 "," $5,076.47 "," $4,886.12 "," $4,758.89 "," $4,674.92 "," $4,802.45 "," $4,712.27 "," $4,826.05 "," $5,265.00 ",ND," $5,522.37 "," $5,215.35 "," $5,805.22 "," $5,265.98 "," $5,511.35 "," $5,609.58 "," $5,856.17 "," $5,761.84 "," $5,612.77 "," $5,554.44 "," $5,730.39 "," $5,714.32 "," $5,769.58 "," $5,866.76 "," $6,588.13 "," $6,374.29 "," $6,499.32 "," $6,409.27 "
,,Nuevo León,Hombres," $10,758.30 "," $10,944.04 "," $11,037.72 "," $11,115.56 "," $11,318.90 "," $11,226.16 "," $11,518.60 "," $10,962.43 "," $11,057.87 "," $11,207.41 "," $11,557.07 "," $11,163.11 "," $10,880.58 "," $10,737.34 "," $10,926.16 "," $10,165.05 "," $9,978.90 "," $9,933.66 "," $9,551.64 "," $9,520.31 "," $9,577.96 "," $9,592.50 "," $9,538.69 "," $9,011.90 "," $8,801.13 "," $9,050.95 "," $8,872.98 "," $9,015.10 "," $8,829.26 "," $8,698.10 "," $9,064.33 "," $8,754.30 "," $8,754.85 "," $8,841.24 "," $8,583.89 "," $8,301.10 "," $8,480.24 "," $8,038.32 "," $8,758.52 "," $8,519.66 "," $8,425.89 "," $8,173.61 "," $8,656.10 "," $8,506.36 "," $8,505.21 "," $8,823.27 "," $8,743.93 "," $8,991.65 "," $9,069.03 "," $8,728.29 "," $8,975.67 "," $8,639.96 "," $8,717.02 "," $8,902.71 "," $9,001.27 "," $8,600.43 "," $8,977.06 "," $9,452.67 "," $9,537.13 "," $9,832.07 "," $10,263.97 ",ND," $9,397.32 "," $10,129.31 "," $10,145.35 "," $9,961.65 "," $10,231.04 "," $9,889.34 "," $9,972.97 "," $9,810.47 "," $9,617.67 "," $9,659.28 "," $10,463.04 "," $10,442.20 "," $10,391.57 "," $10,738.49 "," $10,813.20 "," $10,916.36 "," $11,099.78 "," $11,130.14 "
,,,Mujeres," $7,562.16 "," $7,615.24 "," $7,714.78 "," $7,433.69 "," $7,373.08 "," $7,638.53 "," $7,990.62 "," $7,855.23 "," $8,018.60 "," $7,687.89 "," $7,859.17 "," $7,734.61 "," $7,644.53 "," $7,553.05 "," $7,427.34 "," $7,154.02 "," $6,808.44 "," $6,962.55 "," $6,777.15 "," $6,770.42 "," $6,899.81 "," $6,873.50 "," $6,889.08 "," $6,619.89 "," $6,736.63 "," $6,569.88 "," $6,489.32 "," $6,173.95 "," $6,128.49 "," $6,144.50 "," $6,434.67 "," $6,185.91 "," $6,589.13 "," $6,444.63 "," $6,352.13 "," $5,991.10 "," $5,776.37 "," $5,760.75 "," $5,988.95 "," $5,643.77 "," $6,094.08 "," $6,170.39 "," $5,974.32 "," $6,301.33 "," $6,062.49 "," $6,679.49 "," $6,261.26 "," $6,320.22 "," $6,508.80 "," $6,469.73 "," $6,365.22 "," $6,174.24 "," $6,333.04 "," $6,480.54 "," $6,620.04 "," $6,338.01 "," $6,440.96 "," $6,995.10 "," $7,101.00 "," $7,007.73 "," $7,396.45 ",ND," $7,616.88 "," $7,762.53 "," $8,033.36 "," $7,304.92 "," $7,659.00 "," $7,498.04 "," $7,726.23 "," $7,229.62 "," $7,414.23 "," $7,211.67 "," $7,869.81 "," $7,753.54 "," $8,093.97 "," $8,102.07 "," $8,525.05 "," $8,254.83 "," $8,686.86 "," $8,447.34 "
,,Oaxaca,Hombres," $4,362.16 "," $4,467.31 "," $4,040.33 "," $4,337.81 "," $4,062.40 "," $4,396.38 "," $3,986.56 "," $4,099.28 "," $4,226.01 "," $4,304.43 "," $4,211.51 "," $4,050.11 "," $4,556.01 "," $4,555.65 "," $3,889.79 "," $3,807.18 "," $3,976.93 "," $3,855.84 "," $3,668.53 "," $3,681.89 "," $3,913.27 "," $3,796.62 "," $3,670.95 "," $3,796.41 "," $3,969.74 "," $3,880.13 "," $3,876.78 "," $3,901.16 "," $4,157.33 "," $4,098.60 "," $4,068.44 "," $3,957.05 "," $4,051.23 "," $3,946.93 "," $3,765.49 "," $3,515.32 "," $3,802.03 "," $3,601.30 "," $3,569.63 "," $3,608.36 "," $3,737.44 "," $3,790.59 "," $3,719.47 "," $3,933.79 "," $3,679.80 "," $3,719.90 "," $3,504.02 "," $3,781.08 "," $3,749.44 "," $3,688.22 "," $3,505.99 "," $3,406.48 "," $3,552.26 "," $3,658.47 "," $3,530.14 "," $3,689.82 "," $4,035.45 "," $3,761.57 "," $3,747.30 "," $3,773.11 "," $4,177.55 ",ND," $3,937.49 "," $3,920.81 "," $4,104.02 "," $3,700.55 "," $3,919.10 "," $3,672.62 "," $4,027.44 "," $4,158.06 "," $3,871.45 "," $4,090.40 "," $4,439.67 "," $4,507.85 "," $4,398.54 "," $4,429.39 "," $4,374.45 "," $4,638.47 "," $4,288.73 "," $4,852.22 "
,,,Mujeres," $3,223.20 "," $2,849.06 "," $3,079.03 "," $3,257.33 "," $3,171.85 "," $3,441.75 "," $3,155.11 "," $3,135.65 "," $3,435.97 "," $3,478.74 "," $3,150.57 "," $3,185.37 "," $3,257.40 "," $3,585.76 "," $3,359.13 "," $3,449.13 "," $3,547.42 "," $3,283.13 "," $3,059.53 "," $3,054.97 "," $3,174.70 "," $3,308.56 "," $3,167.11 "," $3,521.35 "," $3,406.16 "," $3,227.46 "," $3,099.44 "," $3,026.93 "," $3,253.03 "," $3,385.10 "," $3,069.65 "," $3,171.19 "," $3,404.71 "," $3,382.01 "," $3,283.64 "," $3,012.41 "," $3,118.37 "," $3,163.00 "," $3,017.02 "," $3,058.93 "," $3,203.27 "," $3,169.79 "," $2,996.13 "," $3,044.94 "," $3,036.50 "," $2,960.05 "," $2,988.65 "," $3,087.49 "," $3,296.24 "," $2,929.70 "," $3,000.82 "," $3,084.31 "," $3,138.82 "," $3,091.97 "," $2,833.91 "," $2,923.15 "," $2,884.19 "," $2,881.15 "," $2,858.80 "," $2,771.65 "," $3,223.93 ",ND," $3,407.84 "," $3,224.84 "," $3,354.32 "," $3,278.91 "," $3,313.79 "," $3,020.29 "," $3,169.54 "," $3,062.09 "," $3,182.76 "," $3,056.73 "," $3,580.81 "," $3,628.96 "," $3,462.19 "," $3,620.81 "," $3,815.62 "," $3,821.21 "," $3,527.69 "," $3,863.11 "
,,Puebla,Hombres," $5,420.12 "," $5,295.29 "," $5,420.96 "," $5,543.23 "," $5,579.11 "," $5,144.50 "," $5,488.01 "," $5,476.12 "," $5,368.05 "," $5,574.19 "," $5,586.63 "," $5,374.44 "," $5,546.46 "," $5,416.00 "," $5,523.99 "," $5,293.82 "," $5,402.51 "," $5,110.18 "," $5,122.31 "," $5,007.27 "," $5,187.39 "," $5,286.84 "," $5,271.67 "," $5,213.75 "," $5,334.39 "," $5,185.54 "," $5,076.22 "," $4,953.55 "," $5,481.76 "," $5,082.11 "," $5,322.77 "," $5,286.75 "," $5,299.30 "," $4,814.41 "," $4,824.92 "," $4,851.94 "," $4,969.29 "," $4,767.71 "," $4,918.75 "," $4,925.97 "," $5,063.78 "," $5,007.15 "," $4,964.24 "," $5,078.82 "," $5,150.50 "," $5,068.88 "," $5,312.33 "," $4,991.95 "," $5,078.55 "," $5,083.64 "," $5,075.81 "," $5,017.86 "," $5,470.06 "," $5,346.43 "," $5,388.01 "," $5,443.80 "," $5,570.52 "," $5,419.87 "," $5,461.05 "," $5,710.95 "," $6,036.97 ",ND," $4,813.11 "," $5,348.96 "," $5,563.70 "," $5,472.11 "," $5,497.90 "," $5,300.79 "," $5,548.50 "," $5,510.03 "," $5,722.18 "," $5,802.71 "," $5,956.31 "," $5,951.49 "," $6,108.39 "," $5,856.28 "," $6,418.77 "," $6,561.07 "," $6,213.89 "," $6,193.09 "
,,,Mujeres," $3,530.10 "," $3,657.09 "," $3,595.58 "," $3,817.40 "," $3,673.31 "," $3,657.27 "," $3,605.69 "," $3,604.14 "," $3,839.22 "," $3,880.50 "," $3,818.16 "," $3,683.08 "," $3,941.29 "," $3,636.65 "," $3,810.28 "," $4,132.51 "," $3,773.38 "," $3,913.99 "," $3,614.38 "," $3,542.01 "," $3,605.26 "," $3,676.80 "," $3,791.00 "," $3,596.65 "," $4,173.39 "," $3,875.39 "," $3,681.30 "," $3,504.37 "," $3,862.74 "," $3,802.94 "," $3,664.78 "," $3,690.70 "," $4,015.62 "," $3,826.56 "," $3,684.08 "," $3,593.32 "," $3,866.91 "," $3,950.30 "," $3,842.01 "," $3,782.68 "," $3,686.72 "," $3,685.04 "," $3,810.74 "," $3,455.59 "," $3,667.05 "," $3,704.22 "," $3,465.14 "," $3,305.82 "," $3,623.45 "," $3,570.75 "," $3,566.01 "," $3,424.98 "," $3,880.46 "," $3,755.04 "," $3,626.97 "," $3,644.60 "," $3,865.83 "," $3,794.67 "," $3,819.69 "," $3,933.05 "," $4,128.33 ",ND," $4,297.45 "," $3,823.69 "," $3,950.49 "," $4,010.26 "," $3,992.90 "," $3,898.59 "," $4,306.75 "," $4,318.07 "," $4,340.38 "," $4,353.54 "," $4,398.61 "," $4,554.58 "," $4,535.95 "," $4,607.38 "," $4,700.77 "," $4,558.93 "," $4,648.54 "," $4,581.36 "
,,Querétaro,Hombres," $7,692.25 "," $7,884.77 "," $8,040.19 "," $7,905.44 "," $8,220.74 "," $8,217.88 "," $8,506.22 "," $8,637.10 "," $7,995.96 "," $8,406.91 "," $8,240.39 "," $7,689.20 "," $7,873.95 "," $8,080.20 "," $7,527.61 "," $7,682.52 "," $7,609.85 "," $7,380.73 "," $7,244.75 "," $7,491.61 "," $7,399.14 "," $7,403.55 "," $7,423.90 "," $7,456.63 "," $7,483.87 "," $7,754.54 "," $7,128.60 "," $7,273.98 "," $7,316.71 "," $7,472.09 "," $6,997.82 "," $7,092.20 "," $7,340.55 "," $7,477.81 "," $7,759.84 "," $7,685.61 "," $7,899.51 "," $7,625.82 "," $7,492.02 "," $7,550.88 "," $7,636.87 "," $8,347.77 "," $7,759.89 "," $7,303.07 "," $8,055.27 "," $8,082.26 "," $8,296.78 "," $7,969.95 "," $7,985.85 "," $8,105.13 "," $7,489.72 "," $7,692.84 "," $8,140.77 "," $8,249.74 "," $8,118.22 "," $8,385.87 "," $8,520.05 "," $8,325.61 "," $8,039.51 "," $8,347.61 "," $8,363.30 ",ND," $8,090.86 "," $8,312.91 "," $8,507.00 "," $8,332.36 "," $8,216.27 "," $8,497.35 "," $8,833.12 "," $8,947.56 "," $8,036.52 "," $7,620.94 "," $8,025.94 "," $8,641.74 "," $8,115.91 "," $8,302.88 "," $8,343.02 "," $8,869.31 "," $8,888.14 "," $8,656.72 "
,,,Mujeres," $5,820.42 "," $5,906.75 "," $5,799.36 "," $5,789.51 "," $5,879.97 "," $5,910.96 "," $6,077.64 "," $6,008.48 "," $6,307.58 "," $6,140.03 "," $6,114.89 "," $5,582.78 "," $6,095.09 "," $6,056.04 "," $5,768.33 "," $5,699.53 "," $5,751.24 "," $5,648.16 "," $5,244.49 "," $5,285.81 "," $5,514.37 "," $5,608.46 "," $5,609.16 "," $5,814.75 "," $5,540.40 "," $5,972.99 "," $5,523.44 "," $5,480.53 "," $5,672.34 "," $5,746.36 "," $5,238.05 "," $5,605.06 "," $5,641.50 "," $5,881.02 "," $6,154.71 "," $5,904.55 "," $5,695.16 "," $5,734.18 "," $5,424.34 "," $5,556.91 "," $5,665.10 "," $5,732.26 "," $5,970.18 "," $5,666.01 "," $6,136.19 "," $6,003.90 "," $6,069.24 "," $6,005.74 "," $5,984.75 "," $5,674.00 "," $5,364.81 "," $5,829.42 "," $6,231.14 "," $6,461.99 "," $6,327.81 "," $6,307.92 "," $6,294.39 "," $6,394.28 "," $6,137.50 "," $6,128.19 "," $6,514.15 ",ND," $6,704.54 "," $6,358.36 "," $6,446.25 "," $6,334.14 "," $6,403.61 "," $6,118.53 "," $6,717.02 "," $6,666.98 "," $6,310.97 "," $6,015.88 "," $6,247.84 "," $6,724.97 "," $6,467.71 "," $5,847.30 "," $6,574.76 "," $6,429.08 "," $6,554.09 "," $6,697.63 "
,,Quintana Roo,Hombres," $9,707.12 "," $9,593.76 "," $10,142.59 "," $10,494.03 "," $10,291.41 "," $10,191.39 "," $11,358.46 "," $10,482.01 "," $10,344.64 "," $10,213.45 "," $10,756.43 "," $10,193.05 "," $10,992.87 "," $10,621.15 "," $10,322.14 "," $9,274.97 "," $9,908.70 "," $9,304.24 "," $8,757.80 "," $8,537.77 "," $8,944.58 "," $8,626.10 "," $8,419.66 "," $8,322.77 "," $8,473.71 "," $8,343.95 "," $8,375.05 "," $8,313.90 "," $8,504.31 "," $8,233.45 "," $8,118.46 "," $7,977.12 "," $8,382.47 "," $8,049.49 "," $8,493.37 "," $7,626.81 "," $7,692.48 "," $7,489.74 "," $7,384.35 "," $7,239.37 "," $7,542.81 "," $7,899.18 "," $7,761.84 "," $7,547.23 "," $8,067.48 "," $8,163.73 "," $8,111.57 "," $8,104.34 "," $7,876.50 "," $7,995.34 "," $8,056.31 "," $7,916.94 "," $7,666.57 "," $8,006.93 "," $8,052.00 "," $8,026.01 "," $8,225.46 "," $7,961.54 "," $7,942.07 "," $8,009.43 "," $7,901.36 ",ND," $6,686.34 "," $7,291.19 "," $7,037.70 "," $7,324.46 "," $7,435.68 "," $7,507.78 "," $7,736.82 "," $7,815.53 "," $7,773.18 "," $8,135.39 "," $8,191.09 "," $8,490.64 "," $8,603.69 "," $8,739.66 "," $8,867.26 "," $9,086.54 "," $8,988.47 "," $9,644.05 "
,,,Mujeres," $7,239.04 "," $6,463.60 "," $6,936.19 "," $7,053.97 "," $7,061.34 "," $7,509.76 "," $7,469.37 "," $7,190.44 "," $7,190.71 "," $7,281.74 "," $7,384.88 "," $6,782.17 "," $6,864.81 "," $7,102.78 "," $6,939.62 "," $6,329.76 "," $7,050.52 "," $6,672.82 "," $6,766.86 "," $6,361.49 "," $6,361.80 "," $6,842.29 "," $6,500.19 "," $6,197.10 "," $6,706.07 "," $6,691.41 "," $6,391.24 "," $6,492.10 "," $6,752.93 "," $6,416.17 "," $6,483.81 "," $6,526.28 "," $6,512.43 "," $6,546.49 "," $6,635.49 "," $6,026.39 "," $6,089.31 "," $5,950.61 "," $6,032.29 "," $6,135.26 "," $6,382.22 "," $6,686.23 "," $6,522.65 "," $6,316.51 "," $6,427.91 "," $6,328.24 "," $6,314.32 "," $6,330.08 "," $6,258.84 "," $6,012.66 "," $6,419.02 "," $6,292.75 "," $6,266.98 "," $6,295.36 "," $6,383.79 "," $6,119.91 "," $6,069.03 "," $6,404.90 "," $6,611.08 "," $6,413.80 "," $6,526.12 ",ND," $6,082.28 "," $5,988.22 "," $5,709.12 "," $5,850.26 "," $6,350.50 "," $6,045.71 "," $6,520.25 "," $6,086.43 "," $6,274.53 "," $6,194.23 "," $6,372.82 "," $6,530.44 "," $6,590.67 "," $6,854.31 "," $6,919.02 "," $6,851.01 "," $7,258.52 "," $7,069.36 "
,,San Luis Potosí,Hombres," $6,633.14 "," $6,411.42 "," $6,164.27 "," $6,696.96 "," $6,597.27 "," $6,846.17 "," $6,764.06 "," $6,251.60 "," $6,004.07 "," $6,220.50 "," $6,087.10 "," $5,912.51 "," $5,999.84 "," $6,236.85 "," $6,325.74 "," $6,059.21 "," $6,147.17 "," $6,193.78 "," $5,820.71 "," $5,593.82 "," $5,696.66 "," $5,667.69 "," $5,698.64 "," $5,369.44 "," $5,303.59 "," $5,664.85 "," $5,693.23 "," $5,473.88 "," $5,473.96 "," $5,269.06 "," $5,151.49 "," $5,550.28 "," $5,264.76 "," $5,362.27 "," $5,678.48 "," $5,406.50 "," $5,309.72 "," $5,428.53 "," $5,256.18 "," $5,225.10 "," $5,256.73 "," $5,339.98 "," $5,258.24 "," $5,529.57 "," $5,605.63 "," $5,700.84 "," $5,772.28 "," $5,240.62 "," $5,702.86 "," $6,081.40 "," $6,140.05 "," $5,705.06 "," $6,142.40 "," $6,185.06 "," $5,884.55 "," $6,085.98 "," $6,036.24 "," $6,044.51 "," $6,189.81 "," $6,148.88 "," $6,623.07 ",ND," $6,024.87 "," $6,075.97 "," $6,515.42 "," $6,368.72 "," $6,321.89 "," $6,555.94 "," $6,363.27 "," $6,734.89 "," $6,544.35 "," $6,479.05 "," $7,199.47 "," $7,212.38 "," $7,043.60 "," $7,313.64 "," $7,883.56 "," $7,659.40 "," $7,340.63 "," $7,326.77 "
,,,Mujeres," $4,670.40 "," $4,828.04 "," $5,207.21 "," $5,275.31 "," $4,972.06 "," $5,059.51 "," $5,098.22 "," $4,928.05 "," $4,922.10 "," $5,151.47 "," $5,049.68 "," $4,943.40 "," $4,891.48 "," $5,015.86 "," $5,172.08 "," $4,947.35 "," $4,751.80 "," $4,820.67 "," $4,916.79 "," $4,515.19 "," $4,791.88 "," $4,750.32 "," $5,018.16 "," $4,623.61 "," $4,492.20 "," $4,651.73 "," $4,650.54 "," $4,615.19 "," $4,778.90 "," $4,450.33 "," $4,445.31 "," $4,691.99 "," $4,839.82 "," $4,639.65 "," $4,876.85 "," $4,614.80 "," $4,590.65 "," $4,590.92 "," $4,480.41 "," $4,478.44 "," $4,671.71 "," $4,457.14 "," $4,706.27 "," $4,622.12 "," $4,616.26 "," $4,466.70 "," $4,703.68 "," $4,257.22 "," $5,116.61 "," $4,826.67 "," $5,007.58 "," $4,816.86 "," $5,217.96 "," $5,068.04 "," $5,107.65 "," $5,201.28 "," $5,371.69 "," $5,010.20 "," $4,981.78 "," $5,181.09 "," $5,272.33 ",ND," $5,235.57 "," $4,924.69 "," $5,627.32 "," $5,327.05 "," $5,527.28 "," $5,410.71 "," $5,485.03 "," $5,442.04 "," $5,333.90 "," $4,960.42 "," $5,619.10 "," $5,338.18 "," $5,798.23 "," $5,576.19 "," $5,985.92 "," $6,053.78 "," $5,941.10 "," $6,053.01 "
,,Sinaloa,Hombres," $7,644.84 "," $7,919.67 "," $8,270.67 "," $8,741.28 "," $8,252.11 "," $8,466.30 "," $8,716.66 "," $8,454.52 "," $8,727.04 "," $9,139.42 "," $9,029.49 "," $8,756.73 "," $8,626.70 "," $8,547.11 "," $8,909.47 "," $8,463.84 "," $7,990.62 "," $8,615.10 "," $8,130.82 "," $7,837.78 "," $7,817.82 "," $7,976.09 "," $7,913.15 "," $7,721.79 "," $8,004.14 "," $8,191.76 "," $7,701.54 "," $7,661.58 "," $7,707.37 "," $8,048.46 "," $7,307.56 "," $7,922.81 "," $7,957.86 "," $7,826.76 "," $8,209.66 "," $7,548.62 "," $7,801.53 "," $7,327.11 "," $7,707.17 "," $7,436.84 "," $7,553.08 "," $8,296.04 "," $8,161.32 "," $8,017.67 "," $7,657.23 "," $7,826.82 "," $7,568.25 "," $7,899.29 "," $7,912.40 "," $7,895.98 "," $7,806.49 "," $7,903.03 "," $7,840.13 "," $7,828.58 "," $7,816.33 "," $7,668.06 "," $7,706.46 "," $7,660.18 "," $7,930.06 "," $7,971.28 "," $7,939.99 ",ND," $7,278.43 "," $7,887.92 "," $7,953.75 "," $7,999.22 "," $8,221.21 "," $8,275.30 "," $8,373.40 "," $8,611.27 "," $8,770.05 "," $8,431.51 "," $8,946.44 "," $8,920.95 "," $9,252.11 "," $9,338.20 "," $9,019.94 "," $9,472.75 "," $9,321.46 "," $9,388.23 "
,,,Mujeres," $5,311.58 "," $5,187.20 "," $5,893.02 "," $5,666.48 "," $5,870.02 "," $5,961.50 "," $6,056.15 "," $6,177.77 "," $6,385.42 "," $5,974.83 "," $6,584.68 "," $6,241.14 "," $5,970.31 "," $6,258.07 "," $6,225.49 "," $5,963.37 "," $6,100.73 "," $5,964.65 "," $6,227.22 "," $5,773.15 "," $5,893.79 "," $6,036.51 "," $6,262.98 "," $5,710.53 "," $6,032.38 "," $5,922.63 "," $5,921.85 "," $5,437.49 "," $5,707.87 "," $5,446.88 "," $5,439.03 "," $5,621.06 "," $6,056.51 "," $5,698.63 "," $6,114.74 "," $5,629.25 "," $5,733.87 "," $5,621.83 "," $5,696.24 "," $5,746.89 "," $5,880.82 "," $5,935.53 "," $6,969.68 "," $6,608.26 "," $5,504.48 "," $5,827.07 "," $5,607.28 "," $5,698.56 "," $5,785.28 "," $5,810.54 "," $5,708.88 "," $5,667.27 "," $5,909.49 "," $6,069.04 "," $5,976.72 "," $5,839.02 "," $5,855.57 "," $5,838.05 "," $6,026.41 "," $5,932.53 "," $6,106.65 ",ND," $6,772.04 "," $6,712.42 "," $6,691.38 "," $6,511.94 "," $6,102.05 "," $6,085.75 "," $6,596.81 "," $6,558.43 "," $6,374.99 "," $6,537.04 "," $6,886.05 "," $6,820.73 "," $7,046.37 "," $6,850.75 "," $6,860.86 "," $6,836.17 "," $6,763.87 "," $6,871.64 "
,,Sonora,Hombres," $9,361.39 "," $9,508.36 "," $9,674.36 "," $9,553.55 "," $9,783.81 "," $9,768.77 "," $10,065.04 "," $10,282.05 "," $9,870.31 "," $10,150.80 "," $9,888.63 "," $9,336.12 "," $9,991.99 "," $9,638.62 "," $9,392.02 "," $8,806.64 "," $9,159.75 "," $9,015.05 "," $9,140.42 "," $8,102.92 "," $9,390.18 "," $8,372.44 "," $7,971.04 "," $8,367.14 "," $7,992.76 "," $8,484.05 "," $8,400.58 "," $7,943.14 "," $7,737.60 "," $7,587.02 "," $7,947.42 "," $7,867.89 "," $10,020.35 "," $8,306.82 "," $8,651.55 "," $8,256.59 "," $8,520.09 "," $8,312.56 "," $8,521.25 "," $8,288.35 "," $8,114.49 "," $8,415.84 "," $8,022.22 "," $8,387.29 "," $8,443.38 "," $8,485.27 "," $8,109.80 "," $8,538.46 "," $8,727.25 "," $8,450.55 "," $8,335.32 "," $8,392.93 "," $8,323.05 "," $8,491.47 "," $8,139.55 "," $8,213.87 "," $8,180.89 "," $8,249.09 "," $8,479.16 "," $8,077.98 "," $8,271.49 ",ND," $8,220.88 "," $8,173.14 "," $8,445.27 "," $8,301.22 "," $8,102.60 "," $8,164.10 "," $8,459.13 "," $8,314.98 "," $8,096.96 "," $8,425.17 "," $8,720.19 "," $8,756.82 "," $8,587.58 "," $9,027.16 "," $8,854.15 "," $9,187.51 "," $9,649.63 "," $9,254.78 "
,,,Mujeres," $6,948.84 "," $6,390.96 "," $6,613.45 "," $7,143.53 "," $6,861.63 "," $7,335.88 "," $6,835.74 "," $7,172.73 "," $6,928.36 "," $7,033.39 "," $7,270.90 "," $6,724.31 "," $6,937.61 "," $7,259.76 "," $7,254.52 "," $6,842.46 "," $6,660.62 "," $6,828.50 "," $6,658.19 "," $6,030.67 "," $6,468.80 "," $6,592.42 "," $6,342.67 "," $6,289.49 "," $5,914.33 "," $6,025.60 "," $5,364.33 "," $5,646.47 "," $6,198.67 "," $5,929.66 "," $6,157.71 "," $5,937.24 "," $6,346.41 "," $5,998.11 "," $6,447.21 "," $6,113.76 "," $6,479.30 "," $6,399.30 "," $6,231.57 "," $6,236.05 "," $6,036.17 "," $6,169.91 "," $5,983.48 "," $5,708.35 "," $5,794.21 "," $6,071.03 "," $5,968.29 "," $5,882.80 "," $6,052.20 "," $5,800.37 "," $5,869.87 "," $5,939.54 "," $5,956.88 "," $6,139.31 "," $6,429.78 "," $6,494.88 "," $6,405.63 "," $6,209.94 "," $6,512.90 "," $6,413.21 "," $6,376.47 ",ND," $6,500.85 "," $6,472.67 "," $6,455.89 "," $6,631.66 "," $6,338.31 "," $6,044.06 "," $6,581.12 "," $6,389.84 "," $6,192.42 "," $6,213.22 "," $7,000.81 "," $6,841.31 "," $6,961.90 "," $6,851.45 "," $6,912.84 "," $6,818.37 "," $7,030.83 "," $7,344.44 "
,,Tabasco,Hombres," $6,756.09 "," $6,830.40 "," $6,935.68 "," $7,015.17 "," $7,236.77 "," $7,632.22 "," $8,144.57 "," $7,985.37 "," $7,429.26 "," $7,904.40 "," $7,474.95 "," $7,619.54 "," $7,729.63 "," $7,836.75 "," $7,507.25 "," $7,596.50 "," $7,510.87 "," $7,287.83 "," $6,998.10 "," $7,308.21 "," $7,410.24 "," $7,174.71 "," $7,146.14 "," $6,863.57 "," $6,950.96 "," $6,534.26 "," $6,627.68 "," $6,743.95 "," $7,151.71 "," $7,136.27 "," $7,137.18 "," $7,183.89 "," $7,255.10 "," $6,833.44 "," $6,571.96 "," $6,770.84 "," $6,903.52 "," $6,700.90 "," $6,708.22 "," $6,756.43 "," $6,943.76 "," $6,786.54 "," $6,972.27 "," $6,692.59 "," $6,754.69 "," $6,340.05 "," $6,290.92 "," $5,781.96 "," $6,408.74 "," $6,003.92 "," $5,643.52 "," $5,709.83 "," $6,066.52 "," $5,775.43 "," $5,586.91 "," $5,608.72 "," $6,142.15 "," $6,082.38 "," $6,088.98 "," $6,104.25 "," $6,423.34 ",ND," $5,738.68 "," $5,834.05 "," $6,308.58 "," $6,089.77 "," $6,355.88 "," $6,307.69 "," $6,442.33 "," $6,554.77 "," $6,513.37 "," $6,699.02 "," $6,961.20 "," $6,834.50 "," $7,597.31 "," $7,058.81 "," $7,489.04 "," $7,230.53 "," $6,809.72 "," $6,797.58 "
,,,Mujeres," $5,860.73 "," $5,483.64 "," $5,830.48 "," $6,378.90 "," $6,107.28 "," $6,024.65 "," $6,322.11 "," $6,081.85 "," $5,609.14 "," $5,698.68 "," $6,047.87 "," $5,137.58 "," $5,782.29 "," $5,996.33 "," $6,320.10 "," $5,724.08 "," $5,563.68 "," $5,792.02 "," $5,239.73 "," $5,726.43 "," $4,942.89 "," $5,030.74 "," $5,067.19 "," $5,209.81 "," $5,096.22 "," $4,982.85 "," $5,173.58 "," $4,938.22 "," $5,216.65 "," $5,269.68 "," $5,274.21 "," $5,517.53 "," $5,737.62 "," $5,014.13 "," $5,399.06 "," $5,428.49 "," $5,399.29 "," $5,162.72 "," $5,393.59 "," $5,082.30 "," $5,508.13 "," $4,955.60 "," $5,022.77 "," $5,031.93 "," $5,198.10 "," $4,651.30 "," $4,781.97 "," $4,316.79 "," $4,728.43 "," $4,794.41 "," $4,281.90 "," $4,446.88 "," $4,521.13 "," $4,786.06 "," $4,496.12 "," $4,572.35 "," $4,642.20 "," $4,426.68 "," $4,378.30 "," $4,750.21 "," $4,999.63 ",ND," $5,265.22 "," $4,864.15 "," $5,018.02 "," $4,754.77 "," $5,125.24 "," $4,970.91 "," $4,982.84 "," $5,102.52 "," $4,769.54 "," $4,966.02 "," $5,011.05 "," $4,933.31 "," $5,402.73 "," $5,234.48 "," $5,472.64 "," $5,246.53 "," $5,279.12 "," $5,025.94 "
,,Tamaulipas,Hombres," $10,139.24 "," $8,665.07 "," $8,892.48 "," $9,334.29 "," $9,201.27 "," $9,860.03 "," $9,748.45 "," $10,532.81 "," $9,316.46 "," $9,367.30 "," $9,427.87 "," $9,396.20 "," $9,300.54 "," $9,351.98 "," $9,383.40 "," $9,203.14 "," $9,270.87 "," $8,565.34 "," $8,516.53 "," $7,935.02 "," $8,208.69 "," $7,730.48 "," $7,465.21 "," $7,586.65 "," $7,701.41 "," $6,913.32 "," $7,145.16 "," $6,549.95 "," $7,069.63 "," $7,164.41 "," $6,989.88 "," $6,811.73 "," $7,145.51 "," $7,089.52 "," $6,849.58 "," $6,737.99 "," $6,782.09 "," $6,696.42 "," $6,606.75 "," $7,036.27 "," $6,903.74 "," $6,851.13 "," $6,687.46 "," $6,782.42 "," $6,999.61 "," $7,010.90 "," $7,212.84 "," $7,206.89 "," $6,725.30 "," $6,914.37 "," $6,712.76 "," $6,601.25 "," $7,225.36 "," $7,121.43 "," $7,299.52 "," $6,837.39 "," $7,224.21 "," $7,554.59 "," $7,435.90 "," $7,369.18 "," $7,585.91 ",ND," $7,455.13 "," $7,304.41 "," $7,649.05 "," $7,501.80 "," $7,665.88 "," $7,501.92 "," $7,878.65 "," $7,973.10 "," $8,060.44 "," $8,246.89 "," $8,623.36 "," $8,242.47 "," $8,757.12 "," $8,645.91 "," $8,975.94 "," $8,868.54 "," $8,934.74 "," $8,856.32 "
,,,Mujeres," $6,375.60 "," $5,925.10 "," $6,530.64 "," $8,797.46 "," $6,749.85 "," $6,959.31 "," $6,871.49 "," $6,937.54 "," $6,722.24 "," $6,343.00 "," $6,862.86 "," $6,523.01 "," $6,282.96 "," $6,443.15 "," $6,763.20 "," $6,111.40 "," $6,626.92 "," $6,314.66 "," $6,281.50 "," $5,998.69 "," $5,825.29 "," $5,570.92 "," $5,446.48 "," $5,452.44 "," $5,835.08 "," $5,737.74 "," $5,191.47 "," $5,038.68 "," $5,103.77 "," $5,237.76 "," $5,254.69 "," $5,383.52 "," $5,453.60 "," $5,316.28 "," $5,007.51 "," $4,800.31 "," $5,369.21 "," $5,078.14 "," $5,014.38 "," $4,917.26 "," $5,101.25 "," $4,949.33 "," $4,995.48 "," $5,008.46 "," $4,959.19 "," $5,075.21 "," $5,256.89 "," $5,128.53 "," $5,278.96 "," $5,208.80 "," $5,038.04 "," $5,194.54 "," $5,353.34 "," $5,415.59 "," $5,502.95 "," $5,155.03 "," $5,679.84 "," $5,805.49 "," $5,636.84 "," $5,668.98 "," $5,637.55 ",ND," $6,049.58 "," $5,691.18 "," $5,976.60 "," $5,782.71 "," $6,033.39 "," $5,912.88 "," $6,321.68 "," $6,421.46 "," $6,360.70 "," $6,278.79 "," $6,584.87 "," $6,613.69 "," $6,680.21 "," $6,908.44 "," $7,037.59 "," $7,102.11 "," $6,897.02 "," $6,880.43 "
,,Tlaxcala,Hombres," $5,429.94 "," $5,631.26 "," $5,435.08 "," $5,330.08 "," $5,748.69 "," $5,498.00 "," $5,462.91 "," $5,323.28 "," $5,643.12 "," $5,661.46 "," $5,517.46 "," $5,593.98 "," $5,645.22 "," $5,749.16 "," $5,462.23 "," $5,283.96 "," $5,261.61 "," $4,969.74 "," $4,767.36 "," $4,777.21 "," $4,862.88 "," $4,858.11 "," $5,212.78 "," $5,001.65 "," $5,078.07 "," $5,508.63 "," $5,052.85 "," $5,140.62 "," $5,253.46 "," $4,918.63 "," $5,209.69 "," $4,972.35 "," $5,139.10 "," $5,012.46 "," $4,870.49 "," $4,935.61 "," $5,011.59 "," $4,708.46 "," $4,843.54 "," $4,870.35 "," $5,154.67 "," $5,045.19 "," $5,065.04 "," $5,097.39 "," $5,269.81 "," $5,316.41 "," $5,130.63 "," $5,128.64 "," $5,080.56 "," $5,108.72 "," $5,307.13 "," $5,183.09 "," $5,437.20 "," $5,467.11 "," $5,337.67 "," $5,167.88 "," $5,097.44 "," $5,130.44 "," $5,143.22 "," $5,382.43 "," $5,267.52 ",ND," $5,083.99 "," $5,105.27 "," $5,174.70 "," $5,205.55 "," $5,200.70 "," $5,304.06 "," $5,433.43 "," $5,512.40 "," $5,502.18 "," $5,524.03 "," $5,684.72 "," $5,827.02 "," $5,736.43 "," $5,771.13 "," $5,985.76 "," $6,082.16 "," $6,035.08 "," $6,210.71 "
,,,Mujeres," $4,191.43 "," $4,147.02 "," $3,874.03 "," $4,012.27 "," $4,324.43 "," $3,995.55 "," $4,086.74 "," $3,775.01 "," $4,097.07 "," $4,192.15 "," $3,972.89 "," $4,128.93 "," $4,062.41 "," $4,023.50 "," $4,331.05 "," $3,789.30 "," $3,983.20 "," $3,745.23 "," $3,782.38 "," $3,625.97 "," $3,929.94 "," $3,856.54 "," $3,760.43 "," $3,926.33 "," $3,993.11 "," $4,090.06 "," $3,883.33 "," $3,850.32 "," $3,944.48 "," $3,815.12 "," $4,024.09 "," $3,910.58 "," $3,863.56 "," $3,733.09 "," $3,879.43 "," $3,668.35 "," $3,774.90 "," $3,594.14 "," $3,629.47 "," $3,679.37 "," $3,750.20 "," $3,624.46 "," $3,749.02 "," $3,723.52 "," $3,782.25 "," $3,746.31 "," $3,895.57 "," $3,577.05 "," $3,713.13 "," $3,758.50 "," $3,901.22 "," $3,689.39 "," $3,844.94 "," $3,671.32 "," $3,748.97 "," $3,580.18 "," $3,535.58 "," $3,789.62 "," $3,792.42 "," $3,898.81 "," $4,055.64 ",ND," $3,968.83 "," $3,678.57 "," $3,838.72 "," $3,882.97 "," $3,720.45 "," $3,822.87 "," $3,870.91 "," $4,129.24 "," $4,081.30 "," $4,060.67 "," $4,162.78 "," $4,298.55 "," $4,092.49 "," $4,242.60 "," $4,400.27 "," $4,711.11 "," $4,591.84 "," $4,665.22 "
,,Veracruz de Ignacio de la Llave,Hombres," $7,199.12 "," $5,780.83 "," $5,439.53 "," $5,941.70 "," $5,724.50 "," $6,118.68 "," $5,961.91 "," $5,874.78 "," $5,834.47 "," $5,998.65 "," $5,873.30 "," $5,902.26 "," $6,067.02 "," $5,925.65 "," $6,084.98 "," $5,999.32 "," $5,908.78 "," $6,168.01 "," $5,883.67 "," $5,779.40 "," $6,188.23 "," $5,784.76 "," $5,955.59 "," $5,878.67 "," $5,844.15 "," $5,563.86 "," $5,889.76 "," $5,498.27 "," $5,906.28 "," $5,883.20 "," $5,620.99 "," $6,061.47 "," $5,693.49 "," $5,909.04 "," $5,757.80 "," $5,985.12 "," $5,277.29 "," $5,391.78 "," $5,060.95 "," $4,862.79 "," $5,109.21 "," $5,308.65 "," $5,150.12 "," $5,064.99 "," $5,406.11 "," $5,362.01 "," $5,343.56 "," $5,166.78 "," $5,115.01 "," $5,028.79 "," $4,930.08 "," $5,021.85 "," $5,126.26 "," $5,167.14 "," $5,204.75 "," $4,930.79 "," $5,288.49 "," $5,100.40 "," $4,868.29 "," $4,982.12 "," $5,342.64 ",ND," $5,242.94 "," $5,331.89 "," $5,531.16 "," $5,497.69 "," $5,412.31 "," $5,066.15 "," $5,531.05 "," $5,306.97 "," $5,289.19 "," $5,322.51 "," $5,460.06 "," $5,247.58 "," $5,825.89 "," $5,617.45 "," $6,405.01 "," $6,406.55 "," $6,103.91 "," $5,707.77 "
,,,Mujeres," $4,498.32 "," $4,387.94 "," $4,601.99 "," $4,552.94 "," $4,992.16 "," $4,939.72 "," $4,813.06 "," $4,589.73 "," $4,501.70 "," $4,602.34 "," $4,753.85 "," $4,516.92 "," $4,534.45 "," $4,462.66 "," $4,674.93 "," $4,665.30 "," $4,723.44 "," $4,968.12 "," $4,779.84 "," $4,477.12 "," $4,611.95 "," $4,714.94 "," $4,739.97 "," $4,868.45 "," $5,218.40 "," $4,666.77 "," $4,564.47 "," $4,252.87 "," $4,608.74 "," $4,594.90 "," $4,576.18 "," $4,775.84 "," $4,508.31 "," $4,666.64 "," $4,832.52 "," $4,576.59 "," $4,801.67 "," $4,637.03 "," $4,444.24 "," $4,172.20 "," $4,260.09 "," $4,522.83 "," $4,623.72 "," $4,334.75 "," $4,459.23 "," $4,412.06 "," $4,128.68 "," $4,106.43 "," $3,953.62 "," $4,227.62 "," $4,071.03 "," $4,243.86 "," $4,356.16 "," $4,384.67 "," $4,323.64 "," $4,019.88 "," $3,949.70 "," $4,330.39 "," $3,992.45 "," $4,066.74 "," $4,312.69 ",ND," $5,024.91 "," $4,403.39 "," $4,834.23 "," $4,347.61 "," $4,433.18 "," $4,101.62 "," $4,948.81 "," $4,765.27 "," $5,136.83 "," $4,350.40 "," $4,784.18 "," $4,346.11 "," $4,791.34 "," $4,604.58 "," $5,084.47 "," $5,195.95 "," $4,967.36 "," $4,948.90 "
,,Yucatán,Hombres," $6,391.68 "," $6,359.22 "," $6,184.06 "," $6,282.99 "," $6,414.53 "," $6,108.28 "," $6,782.35 "," $6,306.28 "," $6,595.07 "," $6,981.19 "," $6,356.09 "," $6,519.51 "," $6,626.96 "," $6,420.99 "," $6,358.85 "," $6,082.04 "," $6,324.44 "," $6,060.82 "," $6,028.46 "," $6,092.57 "," $6,095.49 "," $6,063.23 "," $6,228.98 "," $6,430.62 "," $6,247.44 "," $6,008.49 "," $6,233.58 "," $5,947.60 "," $6,072.24 "," $6,134.77 "," $6,183.98 "," $6,041.41 "," $5,836.79 "," $6,457.20 "," $6,304.28 "," $6,241.35 "," $5,971.91 "," $5,773.25 "," $5,827.46 "," $5,991.90 "," $5,863.19 "," $6,087.85 "," $6,207.26 "," $5,937.11 "," $6,043.15 "," $6,095.27 "," $6,106.23 "," $6,283.73 "," $6,256.67 "," $6,232.37 "," $6,202.40 "," $6,388.98 "," $6,137.52 "," $6,372.24 "," $6,349.69 "," $6,529.00 "," $6,432.22 "," $6,523.43 "," $6,675.43 "," $6,596.00 "," $6,778.73 ",ND," $6,728.51 "," $6,698.64 "," $6,799.14 "," $6,807.60 "," $6,625.45 "," $6,468.69 "," $7,035.34 "," $6,717.36 "," $6,778.25 "," $6,928.73 "," $7,372.39 "," $7,492.14 "," $7,622.74 "," $7,603.35 "," $7,718.61 "," $7,837.96 "," $7,829.87 "," $8,251.37 "
,,,Mujeres," $4,319.36 "," $4,354.34 "," $4,415.40 "," $4,319.52 "," $4,362.00 "," $4,414.27 "," $4,332.31 "," $4,161.46 "," $4,281.21 "," $4,477.43 "," $4,347.59 "," $4,449.95 "," $4,347.74 "," $4,371.50 "," $4,299.97 "," $4,149.68 "," $4,370.71 "," $4,177.90 "," $4,664.15 "," $4,128.89 "," $4,031.43 "," $4,248.79 "," $4,370.45 "," $4,572.83 "," $4,396.21 "," $4,476.57 "," $4,394.58 "," $4,155.42 "," $4,263.28 "," $4,306.56 "," $4,647.86 "," $4,152.86 "," $4,207.09 "," $4,444.16 "," $4,269.79 "," $4,502.91 "," $4,407.96 "," $4,080.68 "," $4,219.68 "," $4,318.22 "," $4,376.58 "," $4,261.33 "," $4,499.24 "," $4,254.97 "," $4,381.32 "," $4,377.55 "," $4,575.65 "," $4,507.37 "," $4,542.36 "," $4,614.50 "," $4,479.56 "," $4,424.37 "," $4,334.50 "," $4,267.84 "," $4,604.37 "," $4,663.43 "," $4,354.34 "," $4,562.13 "," $4,584.83 "," $4,699.81 "," $4,587.29 ",ND," $4,861.15 "," $4,546.87 "," $4,624.93 "," $4,807.34 "," $4,934.09 "," $4,526.92 "," $4,844.93 "," $4,571.98 "," $4,607.21 "," $4,689.66 "," $5,132.14 "," $5,065.49 "," $5,060.80 "," $5,248.38 "," $5,452.65 "," $5,509.96 "," $5,730.36 "," $5,886.07 "
,,Zacatecas,Hombres," $5,534.66 "," $5,519.13 "," $5,414.02 "," $5,442.22 "," $5,693.71 "," $5,730.12 "," $5,472.82 "," $5,408.66 "," $5,996.10 "," $6,061.67 "," $5,678.15 "," $5,584.44 "," $6,037.69 "," $6,095.73 "," $5,354.05 "," $5,206.62 "," $5,496.19 "," $5,243.69 "," $4,988.81 "," $5,035.35 "," $5,284.62 "," $5,184.26 "," $5,254.42 "," $5,328.28 "," $5,791.64 "," $5,176.26 "," $5,068.15 "," $4,921.36 "," $5,331.86 "," $5,181.24 "," $4,933.21 "," $5,063.80 "," $5,997.65 "," $5,221.23 "," $5,068.09 "," $4,839.75 "," $5,144.16 "," $5,146.15 "," $4,718.16 "," $4,535.88 "," $5,208.00 "," $5,109.85 "," $5,136.62 "," $5,174.79 "," $5,378.20 "," $5,578.01 "," $5,387.04 "," $5,217.49 "," $5,627.53 "," $5,586.74 "," $5,602.97 "," $5,397.28 "," $5,473.39 "," $5,478.55 "," $5,641.56 "," $5,521.64 "," $5,897.16 "," $5,977.08 "," $5,683.10 "," $5,541.64 "," $5,884.30 ",ND," $5,658.80 "," $5,624.25 "," $5,954.64 "," $6,121.34 "," $5,721.98 "," $5,696.10 "," $5,974.73 "," $6,128.86 "," $5,778.69 "," $5,895.25 "," $6,276.89 "," $6,358.72 "," $6,237.64 "," $6,200.31 "," $6,247.95 "," $6,465.54 "," $6,801.14 "," $6,796.74 "
,,,Mujeres," $4,498.70 "," $4,449.06 "," $4,206.67 "," $4,074.35 "," $4,273.66 "," $4,416.62 "," $4,108.55 "," $3,947.13 "," $4,571.55 "," $4,386.97 "," $4,201.88 "," $3,807.38 "," $4,203.66 "," $3,957.77 "," $4,003.71 "," $3,780.20 "," $4,300.96 "," $4,090.18 "," $3,927.19 "," $3,777.22 "," $3,975.29 "," $4,219.35 "," $4,579.12 "," $4,166.88 "," $4,230.48 "," $4,098.36 "," $4,262.40 "," $4,008.55 "," $4,910.95 "," $4,115.10 "," $3,960.70 "," $4,407.73 "," $4,097.66 "," $4,054.44 "," $4,165.26 "," $3,958.37 "," $3,997.55 "," $4,177.24 "," $3,899.09 "," $3,726.95 "," $4,145.54 "," $4,115.35 "," $4,020.57 "," $3,955.83 "," $4,209.36 "," $4,677.35 "," $4,234.20 "," $4,137.22 "," $4,254.93 "," $4,371.31 "," $4,315.28 "," $4,143.33 "," $4,346.91 "," $4,096.06 "," $4,301.03 "," $4,118.45 "," $4,501.02 "," $4,228.85 "," $4,147.74 "," $4,228.46 "," $4,723.67 ",ND," $4,860.35 "," $5,010.96 "," $4,919.38 "," $4,972.92 "," $4,756.93 "," $4,757.33 "," $4,901.18 "," $4,580.52 "," $4,478.25 "," $4,468.87 "," $4,542.12 "," $4,667.05 "," $4,547.76 "," $4,644.25 "," $5,137.91 "," $5,104.54 "," $5,229.03 "," $5,344.49 "
,,"Fuente: estimaciones del CONEVAL con base en la ENOE del primer trimestre de 2005 al primer trimestre de 2020 y a partir del primer trimestre de 2023 en adelante, y con base en la ENOE Nueva Edición (ENOEN) del tercer trimestre de 2020 al cuarto trimestre de 2022. ",,,,,,,,,,,,,,,,,,,,,,,,,,,,,,,,,,,,,,,,,,,,,,,,,,,,,,,,,,,,,,,,,,,,,,,,,,,,,,,,,
,,"1Esta información es generada para la población ocupada, no es comparable con la información para la población total presentada del cuadro 1 al cuadro 13.",,,,,,,,,,,,,,,,,,,,,,,,,,,,,,,,,,,,,,,,,,,,,,,,,,,,,,,,,,,,,,,,,,,,,,,,,,,,,,,,,
,,"*Debido a la contingencia sanitaria por la COVID-19, el INEGI suspendió la recolección de información de la ENOE referente al segundo trimestre 2020, por lo cual no se cuenta con el insumo necesario para el cálculo de los indicadores correspondientes a este periodo. Para mayor información, consultar el comunicado NÚM. 295/20 del INEGI, disponible en: https://www.inegi.org.mx/contenidos/saladeprensa/boletines/2020/Calendario/Camb20-Cal2021_1erSem.pdf",,,,,,,,,,,,,,,,,,,,,,,,,,,,,,,,,,,,,,,,,,,,,,,,,,,,,,,,,,,,,,,,,,,,,,,,,,,,,,,,,
,,"**De acuerdo con el INEGI, a causa del impacto del huracán Otis en la ciudad de Acapulco de Juárez en el estado de Guerrero la captación de la información del cuarto trimestre de 2023 se vio afectada, por lo que no se realiza la comparación con dicho trimestre. Para más información, consultar la siguiente liga: https://www.inegi.org.mx/contenidos/saladeprensa/boletines/2024/ENOE/ENOE2024_02.pdf.",,,,,,,,,,,,,,,,,,,,,,,,,,,,,,,,,,,,,,,,,,,,,,,,,,,,,,,,,,,,,,,,,,,,,,,,,,,,,,,,,
,,"De acuerdo con el INEGI, a partir del primer trimestre de 2006 se consideran las estimaciones poblacionales trimestrales generadas por el Marco de Muestreo de Viviendas 2020 del INEGI. La información del primer al cuarto trimestre de 2005 toma en cuenta la estimación de población con base en las proyecciones demográficas de CONAPO 2013.",,,,,,,,,,,,,,,,,,,,,,,,,,,,,,,,,,,,,,,,,,,,,,,,,,,,,,,,,,,,,,,,,,,,,,,,,,,,,,,,,
,,ND: no disponible derivado de lo referido en las notas anteriores. ,,,,,,,,,,,,,,,,,,,,,,,,,,,,,,,,,,,,,,,,,,,,,,,,,,,,,,,,,,,,,,,,,,,,,,,,,,,,,,,,,
